Date,Adj Close,Close,High,Low,Open,Volume
2025-01-02,70.44506072998047,72.93000030517578,73.37000274658203,72.66999816894531,72.94999694824219,1261900
2025-01-03,70.6092529296875,73.0999984741211,73.69000244140625,72.9000015258789,73.16999816894531,1038500
2025-01-06,70.77346801757812,73.2699966430664,73.9800033569336,72.8499984741211,73.30999755859375,1075300
2025-01-07,70.87007141113281,73.37000274658203,73.75,72.75,72.91999816894531,1085300
2025-01-08,70.46437072753906,72.94999694824219,73.22000122070312,71.43000030517578,73.22000122070312,1197400
2025-01-10,69.35356140136719,71.80000305175781,72.51000213623047,71.30999755859375,72.27999877929688,1523200
2025-01-13,69.43082427978516,71.87999725341797,73.12999725341797,71.54000091552734,71.55999755859375,1320300
2025-01-14,70.49336242675781,72.9800033569336,73.04000091552734,72.01000213623047,72.0999984741211,1244400
2025-01-15,70.83143615722656,73.33000183105469,74.16000366210938,72.66999816894531,74.16000366210938,1471600
2025-01-16,71.76839447021484,74.30000305175781,74.52999877929688,73.27999877929688,73.27999877929688,930100
2025-01-17,72.42520904541016,74.9800033569336,75.5,74.44000244140625,74.52999877929688,911400
2025-01-21,72.87918853759766,75.44999694824219,75.87999725341797,75.04000091552734,75.19000244140625,876700
2025-01-22,72.77293395996094,75.33999633789062,75.79000091552734,75.0,75.30000305175781,724200
2025-01-23,72.98544311523438,75.55999755859375,76.26000213623047,75.4800033569336,76.2300033569336,1013400
2025-01-24,72.85916900634766,75.01000213623047,75.31999969482422,74.80999755859375,74.86000061035156,806500
2025-01-27,73.16999816894531,75.33000183105469,75.69000244140625,74.68000030517578,75.08999633789062,921800
2025-01-28,73.78192901611328,75.95999908447266,76.58000183105469,75.2699966430664,75.33000183105469,602500
2025-01-29,75.08351135253906,77.30000305175781,77.6500015258789,75.83000183105469,75.88999938964844,814400
2025-01-30,74.80182647705078,77.01000213623047,77.69000244140625,76.61000061035156,77.55999755859375,750000
2025-01-31,74.0636215209961,76.25,77.3499984741211,76.19000244140625,76.9000015258789,1311600
2025-02-03,74.04420471191406,76.2300033569336,76.6500015258789,74.7699966430664,75.0,1042200
2025-02-04,73.772216796875,75.94999694824219,77.19999694824219,75.80000305175781,75.9000015258789,1257500
2025-02-05,75.49147033691406,77.72000122070312,78.68000030517578,74.0199966430664,74.16000366210938,2535300
2025-02-06,74.47157287597656,76.66999816894531,79.43000030517578,75.30999755859375,78.23999786376953,1689400
2025-02-07,74.74354553222656,76.94999694824219,78.05000305175781,76.91000366210938,77.5,1067000
2025-02-10,74.35501861572266,76.55000305175781,77.52999877929688,76.27999877929688,76.83000183105469,954700
2025-02-11,73.00487518310547,75.16000366210938,76.72000122070312,75.1500015258789,76.52999877929688,1005700
2025-02-12,72.98544311523438,75.13999938964844,75.87999725341797,74.70999908447266,75.16000366210938,961500
2025-02-13,73.27684020996094,75.44000244140625,75.77999877929688,74.41999816894531,75.08999633789062,967000
2025-02-14,72.22781372070312,74.36000061035156,75.7699966430664,74.30999755859375,75.23999786376953,1150100
2025-02-18,71.8975601196289,74.0199966430664,74.77999877929688,73.80000305175781,74.4800033569336,1304700
2025-02-19,72.79119110107422,74.94000244140625,75.37000274658203,73.83000183105469,74.4000015258789,1322300
2025-02-20,72.6454849243164,74.79000091552734,74.81999969482422,73.66000366210938,74.58000183105469,1073400
2025-02-21,71.93640899658203,74.05999755859375,75.62999725341797,73.9000015258789,74.8499984741211,1204100
2025-02-24,72.61634063720703,74.76000213623047,75.47000122070312,74.37999725341797,74.58999633789062,903100
2025-02-25,74.18018341064453,76.37000274658203,76.44999694824219,75.05999755859375,75.19999694824219,1671400
2025-02-26,75.06407928466797,77.27999877929688,77.88999938964844,76.31999969482422,76.36000061035156,1002300
2025-02-27,79.37677001953125,81.72000122070312,83.95999908447266,80.95999908447266,80.97000122070312,2462600
2025-02-28,79.93042755126953,82.29000091552734,82.33000183105469,80.37999725341797,81.80000305175781,1943700
2025-03-03,79.05622100830078,81.38999938964844,83.25,80.30000305175781,82.20999908447266,1688700
2025-03-04,75.676025390625,77.91000366210938,80.75,76.62000274658203,80.61000061035156,2640100
2025-03-05,78.92996978759766,81.26000213623047,81.80999755859375,79.08999633789062,79.08999633789062,2398400
2025-03-06,77.18157958984375,79.45999908447266,81.08000183105469,79.30999755859375,80.86000061035156,1279700
2025-03-07,76.77362060546875,79.04000091552734,79.77999877929688,77.37000274658203,79.01000213623047,1274500
2025-03-10,75.1126480102539,77.33000183105469,79.0,76.72000122070312,77.69999694824219,1829600
2025-03-11,76.35594940185547,78.61000061035156,79.13999938964844,76.23999786376953,77.06999969482422,1618400
2025-03-12,75.39434051513672,77.62000274658203,79.97000122070312,76.81999969482422,79.5,1339200
2025-03-13,74.93781280517578,77.1500015258789,78.43000030517578,76.8499984741211,78.19999694824219,1189800
2025-03-14,76.56964874267578,78.83000183105469,79.02999877929688,77.41999816894531,77.58000183105469,1217300
2025-03-17,79.26992797851562,81.61000061035156,82.05999755859375,79.36000061035156,79.36000061035156,2002300
2025-03-18,78.56085968017578,80.87999725341797,82.25,80.73999786376953,81.56999969482422,1221200
2025-03-19,79.05622100830078,81.38999938964844,82.30000305175781,80.9000015258789,80.91000366210938,1841300
2025-03-20,78.71627044677734,81.04000091552734,81.66000366210938,80.12999725341797,80.55999755859375,1191400
2025-03-21,79.00765991210938,81.33999633789062,81.9800033569336,80.01000213623047,80.45999908447266,10362400
2025-03-24,80.9503173828125,83.33999633789062,83.37000274658203,81.8499984741211,81.8499984741211,1873100
2025-03-25,80.65892791748047,83.04000091552734,84.4800033569336,82.5,82.5,1510300
2025-03-26,79.96927642822266,82.33000183105469,84.04000091552734,82.08999633789062,83.55999755859375,1214400
2025-03-27,79.5418930053711,81.88999938964844,82.87999725341797,81.52999877929688,82.86000061035156,1040500
2025-03-28,77.70608520507812,80.0,81.9800033569336,79.41999816894531,81.55000305175781,1230900
2025-03-31,79.12422943115234,81.45999908447266,81.98999786376953,79.08000183105469,79.5199966430664,1300600
2025-04-01,79.64874267578125,82.0,82.5,80.75,81.38999938964844,1267100
2025-04-02,80.53265380859375,82.91000366210938,83.20999908447266,81.22000122070312,81.22000122070312,958300
2025-04-03,76.96788024902344,79.23999786376953,80.91000366210938,78.93000030517578,79.2699966430664,3549500
2025-04-04,69.12928771972656,71.16999816894531,76.75,70.66999816894531,75.73999786376953,2658900
2025-04-07,68.72132110595703,70.75,73.01000213623047,66.80999755859375,69.06999969482422,2620300
2025-04-08,68.45906829833984,70.4800033569336,74.55000305175781,69.31999969482422,74.08999633789062,1792400
2025-04-09,74.68527221679688,76.88999938964844,77.45999908447266,69.27999877929688,69.27999877929688,2557500
2025-04-10,71.70330047607422,73.81999969482422,75.79000091552734,72.37000274658203,75.18000030517578,1575200
2025-04-11,73.10200500488281,75.26000213623047,75.43000030517578,72.66000366210938,73.73999786376953,1921700
2025-04-14,74.70469665527344,76.91000366210938,77.70999908447266,76.12999725341797,76.83000183105469,1165000
2025-04-15,75.132080078125,77.3499984741211,78.29000091552734,77.01000213623047,77.22000122070312,1598800
2025-04-16,73.50996398925781,75.68000030517578,77.55999755859375,75.37999725341797,76.86000061035156,3294800
2025-04-17,73.69451141357422,75.87000274658203,76.9000015258789,75.58999633789062,76.04000091552734,1132000
2025-04-21,72.04325866699219,74.16999816894531,75.93000030517578,73.36000061035156,75.80000305175781,1987000
2025-04-22,75.09322357177734,77.30999755859375,77.38999938964844,74.91000366210938,75.6500015258789,1019300
2025-04-23,76.443359375,78.69999694824219,80.4800033569336,78.08999633789062,78.23999786376953,1437400
2025-04-24,77.06501007080078,79.33999633789062,80.18000030517578,78.13999938964844,78.16000366210938,1195800
2025-04-25,76.6255874633789,78.47000122070312,78.9800033569336,77.8499984741211,78.47000122070312,1111900
2025-04-28,77.19196319580078,79.05000305175781,79.61000061035156,78.51000213623047,78.88999938964844,1100600
2025-04-29,77.37748718261719,79.23999786376953,79.7699966430664,78.08000183105469,78.45999908447266,1191100
2025-04-30,75.83463287353516,77.66000366210938,77.88999938964844,73.16999816894531,74.0,2909900
2025-05-01,75.61003875732422,77.43000030517578,78.66000366210938,77.01000213623047,77.01000213623047,1397800
2025-05-02,77.73880004882812,79.61000061035156,79.94000244140625,78.16999816894531,78.7300033569336,1013600
2025-05-05,76.8111343383789,78.66000366210938,79.2699966430664,78.2300033569336,78.95999908447266,976300
2025-05-06,77.62161254882812,79.48999786376953,79.76000213623047,78.23999786376953,78.2699966430664,1127100
2025-05-07,78.61764526367188,80.51000213623047,81.12999725341797,79.69000244140625,80.0,1094100
2025-05-08,78.36375427246094,80.25,81.66999816894531,80.0199966430664,80.76000213623047,989600
2025-05-09,78.57858276367188,80.47000122070312,80.80000305175781,79.94999694824219,80.30000305175781,771400
2025-05-12,78.95941162109375,80.86000061035156,82.36000061035156,80.63999938964844,81.87000274658203,1030600
2025-05-13,79.01800537109375,80.91999816894531,81.79000091552734,80.80000305175781,80.86000061035156,1179400
2025-05-14,77.8364486694336,79.70999908447266,81.19000244140625,79.54000091552734,81.1500015258789,1044300
2025-05-15,78.87152862548828,80.7699966430664,81.04000091552734,79.05000305175781,79.5,843700
2025-05-16,80.2190933227539,82.1500015258789,82.45999908447266,80.70999908447266,80.7300033569336,1361200
2025-05-19,80.2288589477539,82.16000366210938,82.26000213623047,81.58999633789062,81.9800033569336,977100
2025-05-20,80.08238220214844,82.01000213623047,82.5199966430664,81.95999908447266,82.0999984741211,688500
2025-05-21,78.4125747680664,80.30000305175781,82.02999877929688,80.27999877929688,81.76000213623047,849300
2025-05-22,77.7583236694336,79.62999725341797,80.63999938964844,79.47000122070312,80.45999908447266,907500
2025-05-23,77.99269104003906,79.87000274658203,80.16000366210938,78.79000091552734,78.79000091552734,693300
2025-05-27,79.81873321533203,81.73999786376953,82.0,80.1500015258789,80.36000061035156,834600
2025-05-28,78.69576263427734,80.58999633789062,81.87999725341797,80.44000244140625,81.56999969482422,854400
2025-05-29,79.46719360351562,81.37999725341797,81.4000015258789,80.63999938964844,80.91999816894531,793300
2025-05-30,79.7894287109375,81.70999908447266,81.94000244140625,81.0,81.22000122070312,1073300
2025-06-02,79.99449920654297,81.91999816894531,81.9800033569336,80.86000061035156,81.55999755859375,878100
2025-06-03,80.2093276977539,82.13999938964844,83.06999969482422,80.73999786376953,81.91999816894531,937800
2025-06-04,78.78364562988281,80.68000030517578,82.55000305175781,80.68000030517578,82.44000244140625,1068000
2025-06-05,78.12940216064453,80.01000213623047,80.94000244140625,79.38999938964844,80.94000244140625,1239800
2025-06-06,79.56484985351562,81.4800033569336,81.69999694824219,80.70999908447266,81.06999969482422,757900
2025-06-09,78.55905151367188,80.44999694824219,81.4000015258789,78.72000122070312,81.4000015258789,1209700
2025-06-10,76.94783020019531,78.80000305175781,80.52999877929688,78.4800033569336,80.16000366210938,1132500
2025-06-11,76.8111343383789,78.66000366210938,79.22000122070312,78.22000122070312,78.80000305175781,1348800
2025-06-12,77.38726043701172,79.25,79.30000305175781,77.31999969482422,77.80000305175781,1294600
2025-06-13,76.35218048095703,78.19000244140625,78.81999969482422,77.58000183105469,78.7699966430664,1171700
2025-06-16,77.00643157958984,78.86000061035156,79.23999786376953,78.16999816894531,78.4800033569336,1001800
2025-06-17,76.02015686035156,77.8499984741211,78.69000244140625,76.61000061035156,78.45999908447266,1654500
2025-06-18,76.5865249633789,78.43000030517578,78.83999633789062,77.48999786376953,77.9000015258789,1310600
2025-06-20,77.41655731201172,79.27999877929688,79.44999694824219,78.44000244140625,78.83000183105469,4037800
2025-06-23,78.18798828125,80.06999969482422,80.12000274658203,78.45999908447266,79.02999877929688,975100
2025-06-24,77.56303405761719,79.43000030517578,80.7300033569336,79.29000091552734,80.41000366210938,1088800
2025-06-25,76.19593048095703,78.02999877929688,79.55000305175781,77.98999786376953,79.5199966430664,1117800
2025-06-26,77.8266830444336,79.69999694824219,79.7300033569336,78.04000091552734,78.30000305175781,1136700
2025-06-27,78.56881713867188,80.45999908447266,80.83999633789062,79.4000015258789,79.69000244140625,1758400
2025-06-30,78.86177062988281,80.76000213623047,80.94999694824219,80.36000061035156,80.37999725341797,974200
2025-07-01,80.13121032714844,82.05999755859375,82.44000244140625,80.70999908447266,80.70999908447266,1527000
2025-07-02,79.33048248291016,81.23999786376953,82.30000305175781,80.36000061035156,81.95999908447266,1397600
2025-07-03,80.18980407714844,82.12000274658203,82.33000183105469,81.61000061035156,81.61000061035156,1250500
2025-07-07,79.80897521972656,81.7300033569336,83.12999725341797,81.30999755859375,82.02999877929688,1223100
2025-07-08,79.03752899169922,80.94000244140625,82.2300033569336,80.87999725341797,81.7300033569336,1295200
2025-07-09,77.40677642822266,79.2699966430664,81.44000244140625,79.20999908447266,81.44000244140625,1353100
2025-07-10,78.57858276367188,80.47000122070312,80.55999755859375,79.05000305175781,79.31999969482422,1074300
2025-07-11,78.15868377685547,80.04000091552734,80.97000122070312,79.51000213623047,80.19999694824219,1076400
2025-07-14,79.48672485351562,81.4000015258789,81.55000305175781,80.04000091552734,80.0999984741211,956300
2025-07-15,77.11384582519531,78.97000122070312,81.37999725341797,78.97000122070312,80.80000305175781,1046100
2025-07-16,78.53953552246094,80.43000030517578,80.55000305175781,79.25,79.2699966430664,1292300
2025-07-17,79.10589599609375,81.01000213623047,81.23999786376953,79.75,79.80000305175781,1338800
2025-07-18,79.21331024169922,81.12000274658203,81.58999633789062,80.77999877929688,81.01000213623047,739600
2025-07-21,77.89502716064453,79.7699966430664,81.33000183105469,79.69000244140625,81.05999755859375,996800
2025-07-22,78.5883560180664,80.4800033569336,80.7699966430664,79.69999694824219,79.93000030517578,941900
2025-07-23,78.84223175048828,80.73999786376953,81.12000274658203,80.43000030517578,80.91000366210938,1293500
2025-07-24,78.12940216064453,80.01000213623047,81.08000183105469,79.83000183105469,80.5,1203800
2025-07-25,79.31779479980469,80.76000213623047,80.87000274658203,79.79000091552734,79.80000305175781,981800
2025-07-28,78.64993286132812,80.08000183105469,80.66000366210938,79.97000122070312,80.6500015258789,1182400
2025-07-29,79.52404022216797,80.97000122070312,81.66999816894531,80.5,81.1500015258789,1551300
2025-07-30,69.84011840820312,71.11000061035156,74.47000122070312,69.08999633789062,71.02999877929688,6831200
2025-07-31,70.5276107788086,71.80999755859375,72.43000030517578,70.56999969482422,71.26000213623047,3345400
2025-08-01,68.4847640991211,69.7300033569336,71.45999908447266,68.79000091552734,71.0,2993800
2025-08-04,68.70083618164062,69.94999694824219,70.5199966430664,69.47000122070312,70.01000213623047,1659600
2025-08-05,68.759765625,70.01000213623047,71.0,69.55999755859375,70.0,1572900
2025-08-06,69.23118591308594,70.48999786376953,70.98999786376953,69.9000015258789,70.44000244140625,1106400
2025-08-07,67.32583618164062,68.55000305175781,71.0,68.37000274658203,70.5199966430664,2181700
2025-08-08,68.15083312988281,69.38999938964844,69.69000244140625,68.27999877929688,69.08000183105469,1637400
2025-08-11,68.15083312988281,69.38999938964844,69.87999725341797,69.20999908447266,69.80999755859375,1361900
2025-08-12,69.0838623046875,70.33999633789062,70.5999984741211,69.8499984741211,69.97000122070312,1094400
2025-08-13,69.74191284179688,71.01000213623047,71.16000366210938,70.29000091552734,70.62000274658203,1133400
2025-08-14,69.6240463256836,70.88999938964844,71.12999725341797,70.45999908447266,70.91000366210938,961600
2025-08-15,67.59101104736328,68.81999969482422,71.19000244140625,68.70999908447266,71.0199966430664,1370400
2025-08-18,67.35530090332031,68.58000183105469,68.87999725341797,68.27999877929688,68.43000030517578,1342300
2025-08-19,67.85618591308594,69.08999633789062,69.52999877929688,68.37999725341797,68.4000015258789,782100
2025-08-20,68.20975494384766,69.44999694824219,69.73999786376953,69.11000061035156,69.45999908447266,1031500
2025-08-21,68.10173034667969,69.33999633789062,69.80999755859375,69.01000213623047,69.37999725341797,893500
2025-08-22,68.67137145996094,69.91999816894531,70.5999984741211,69.55999755859375,69.98999786376953,930700
2025-08-25,67.92494201660156,69.16000366210938,70.0,69.12000274658203,69.66000366210938,839100
2025-08-26,68.22940826416016,69.47000122070312,69.5199966430664,68.7300033569336,69.0,1097900
2025-08-27,68.29815673828125,69.54000091552734,70.0199966430664,69.0999984741211,69.12000274658203,999900
2025-08-28,68.08207702636719,69.31999969482422,69.83000183105469,68.94999694824219,69.83000183105469,904000
2025-08-29,68.61244201660156,69.86000061035156,70.0,69.02999877929688,69.56999969482422,956200
2025-09-02,68.7793960571289,70.02999877929688,70.04000091552734,68.69999694824219,69.45999908447266,1204800
2025-09-03,71.48029327392578,72.77999877929688,73.13999938964844,70.01000213623047,70.36000061035156,3896200
2025-09-04,71.7651138305664,73.06999969482422,73.47000122070312,72.5999984741211,73.05000305175781,1755100
2025-09-05,72.44278717041016,73.76000213623047,73.94999694824219,72.0999984741211,73.06999969482422,2680400
2025-09-08,72.3740463256836,73.69000244140625,74.0199966430664,72.44000244140625,73.55999755859375,2048200
2025-09-09,71.96154022216797,73.2699966430664,74.0999984741211,72.9000015258789,73.8499984741211,1521400
2025-09-10,72.40350341796875,73.72000122070312,73.7699966430664,72.79000091552734,73.1500015258789,1087500
2025-09-11,73.91600799560547,75.26000213623047,75.33000183105469,73.41000366210938,73.70999908447266,1803000
2025-09-12,73.89636993408203,75.23999786376953,75.6500015258789,74.58000183105469,75.0,1525000
2025-09-15,73.56243133544922,74.9000015258789,76.04000091552734,74.75,75.20999908447266,1324400
2025-09-16,72.88475036621094,74.20999908447266,75.23999786376953,73.51000213623047,75.23999786376953,1316500
2025-09-17,73.75885772705078,75.0999984741211,75.63999938964844,74.25,74.25,1342500
2025-09-18,74.8883285522461,76.25,76.4000015258789,74.94000244140625,75.0999984741211,1389300
2025-09-19,74.84904479980469,76.20999908447266,77.0,75.30000305175781,76.81999969482422,4499200
2025-09-22,74.5445785522461,75.9000015258789,76.36000061035156,75.29000091552734,75.8499984741211,1332200
2025-09-23,75.33028411865234,76.69999694824219,77.52999877929688,75.87999725341797,75.87999725341797,1259400
2025-09-24,75.45796966552734,76.83000183105469,77.62000274658203,76.44999694824219,76.69999694824219,1609900
2025-09-25,75.33028411865234,76.69999694824219,77.23999786376953,76.27999877929688,76.7699966430664,939700
2025-09-26,76.86243438720703,78.26000213623047,78.43000030517578,77.30999755859375,77.30999755859375,741700
2025-09-29,76.03742980957031,77.41999816894531,78.45999908447266,77.13999938964844,78.45999908447266,838300
2025-09-30,76.39099884033203,77.77999877929688,77.94000244140625,76.87000274658203,77.5999984741211,1028200
2025-10-01,76.86243438720703,78.26000213623047,78.44000244140625,77.06999969482422,77.36000061035156,853200
2025-10-02,77.19636535644531,78.5999984741211,78.77999877929688,77.68000030517578,77.87000274658203,784400
2025-10-03,78.00171661376953,79.41999816894531,79.73999786376953,78.5999984741211,78.91000366210938,1149600
2025-10-06,77.23564910888672,78.63999938964844,79.93000030517578,78.37000274658203,79.56999969482422,726100
2025-10-07,76.86243438720703,78.26000213623047,79.29000091552734,78.12000274658203,78.6500015258789,653900
2025-10-08,77.21600341796875,78.62000274658203,79.02999877929688,77.94999694824219,78.76000213623047,716900
2025-10-09,75.39903259277344,76.7699966430664,79.19999694824219,76.38999938964844,78.87000274658203,1624500
2025-10-10,74.49546813964844,75.8499984741211,77.55000305175781,75.69000244140625,76.95999908447266,1410100
2025-10-13,74.11243438720703,75.45999908447266,76.66000366210938,75.08000183105469,76.31999969482422,1043600
2025-10-14,75.24190521240234,76.61000061035156,76.62000274658203,75.04000091552734,75.04000091552734,1093100
2025-10-15,74.57404327392578,75.93000030517578,77.05999755859375,75.44000244140625,76.52999877929688,834400
2025-10-16,72.3740463256836,73.69000244140625,75.68000030517578,73.5999984741211,75.47000122070312,984000
2025-10-17,74.11243438720703,75.45999908447266,75.48999786376953,73.69000244140625,73.76000213623047,1203700
2025-10-20,74.34814453125,75.69999694824219,76.12000274658203,75.30999755859375,75.75,849200
2025-10-21,75.21243286132812,76.58000183105469,76.9800033569336,75.75,75.98999786376953,963000
2025-10-22,74.84904479980469,76.20999908447266,77.37000274658203,75.77999877929688,76.5999984741211,1058300
2025-10-23,75.04547882080078,76.41000366210938,76.66000366210938,75.94999694824219,76.47000122070312,741400
2025-10-24,75.17391967773438,76.08000183105469,76.69999694824219,75.88999938964844,76.12999725341797,757300
2025-10-27,74.89726257324219,75.80000305175781,76.69999694824219,75.73999786376953,76.55000305175781,879100
2025-10-28,73.79059600830078,74.68000030517578,75.83000183105469,74.62000274658203,75.77999877929688,1209800
2025-10-29,73.96844482421875,74.86000061035156,75.30000305175781,74.16000366210938,74.20999908447266,1609700
2025-10-30,72.62464904785156,73.5,75.3499984741211,73.43000030517578,74.9000015258789,2214100
2025-10-31,72.54560089111328,73.41999816894531,73.68000030517578,72.79000091552734,73.55999755859375,1733600
2025-11-03,72.06143188476562,72.93000030517578,73.68000030517578,72.20999908447266,72.91000366210938,2319200
2025-11-04,77.26866912841797,78.19999694824219,78.98999786376953,74.44999694824219,74.44999694824219,3879900
2025-11-05,75.85569763183594,76.7699966430664,78.70999908447266,76.25,78.61000061035156,2494500
2025-11-06,75.86558532714844,76.77999877929688,77.83000183105469,76.31999969482422,76.91999816894531,1847100
2025-11-07,77.2192611694336,78.1500015258789,78.3499984741211,75.63999938964844,76.27999877929688,1881700
2025-11-10,76.4090347290039,77.33000183105469,78.76000213623047,77.27999877929688,78.0199966430664,918600
2025-11-11,75.42094421386719,76.33000183105469,77.80000305175781,76.2699966430664,77.30000305175781,882900
2025-11-12,76.41891479492188,77.33999633789062,77.95999908447266,76.30999755859375,76.30999755859375,863800
2025-11-13,76.08296203613281,77.0,78.0,76.69999694824219,77.19999694824219,1137900
2025-11-14,76.05331420898438,76.97000122070312,77.58000183105469,75.91000366210938,76.7300033569336,812700
2025-11-17,75.01582336425781,75.91999816894531,76.80000305175781,75.44999694824219,76.69000244140625,1294000
2025-11-18,75.8062973022461,76.72000122070312,76.9800033569336,75.23999786376953,75.41999816894531,1170900
2025-11-19,75.58892059326172,76.5,77.4800033569336,76.11000061035156,76.8499984741211,1305400
2025-11-20,75.38142395019531,76.29000091552734,77.87999725341797,75.91999816894531,77.2300033569336,1047100
2025-11-21,74.75892639160156,75.66000366210938,76.87999725341797,75.26000213623047,76.3499984741211,1174300
2025-11-24,74.75892639160156,75.66000366210938,75.93000030517578,74.87999725341797,75.48999786376953,1465100
2025-11-25,75.63832092285156,76.55000305175781,77.30000305175781,75.8499984741211,76.2300033569336,1251600
2025-11-26,75.47034454345703,76.37999725341797,77.0,76.05000305175781,76.77999877929688,1291200
2025-11-28,75.06523132324219,75.97000122070312,76.87000274658203,75.91000366210938,76.37000274658203,685300
2025-12-01,74.30439758300781,75.19999694824219,76.1500015258789,75.11000061035156,75.70999908447266,1258300
2025-12-02,73.41512298583984,74.30000305175781,75.52999877929688,74.04000091552734,75.48999786376953,1272200
2025-12-03,72.6740493774414,73.55000305175781,74.5199966430664,73.19999694824219,74.30000305175781,1893300
2025-12-04,72.46654510498047,73.33999633789062,73.94000244140625,73.02999877929688,73.41000366210938,1243300
2025-12-05,73.40523529052734,74.29000091552734,75.58000183105469,74.16000366210938,75.58000183105469,1320400
2025-12-08,71.95274353027344,72.81999969482422,74.19999694824219,71.72000122070312,73.68000030517578,1829100
2025-12-09,72.50607299804688,73.37999725341797,73.95999908447266,72.69000244140625,73.12000274658203,1823200
2025-12-10,73.37560272216797,74.26000213623047,74.45999908447266,73.01000213623047,73.5199966430664,2458800
2025-12-11,75.58892059326172,76.5,76.9800033569336,74.19999694824219,74.4800033569336,1826300
2025-12-12,76.2015380859375,77.12000274658203,77.19000244140625,76.18000030517578,76.72000122070312,1399700
2025-12-15,76.19165802001953,77.11000061035156,77.75,76.04000091552734,76.04000091552734,1804400
2025-12-16,76.59676361083984,77.5199966430664,77.66000366210938,76.7699966430664,77.41999816894531,1291000
2025-12-17,76.98213195800781,77.91000366210938,78.29000091552734,77.08999633789062,77.4800033569336,1353300
2025-12-18,78.51366424560547,79.45999908447266,79.56999969482422,77.08000183105469,77.75,1789900
2025-12-19,78.29627990722656,79.23999786376953,80.20999908447266,78.69000244140625,79.44999694824219,4893000
2025-12-22,77.75283813476562,78.69000244140625,79.80000305175781,78.4800033569336,79.05999755859375,999900
2025-12-23,78.44449615478516,79.38999938964844,79.77999877929688,78.69000244140625,78.97000122070312,927800
2025-12-24,78.10855102539062,79.05000305175781,79.43000030517578,78.81999969482422,79.27999877929688,382100
2025-12-26,77.90103912353516,78.83999633789062,79.25,78.44999694824219,79.06999969482422,467000
2025-12-29,77.63426208496094,78.56999969482422,79.36000061035156,78.16000366210938,78.91000366210938,688500
2025-12-30,77.38724517822266,78.31999969482422,78.72000122070312,78.05000305175781,78.61000061035156,634900
2025-12-31,76.5770034790039,77.5,78.4000015258789,77.44000244140625,78.4000015258789,774000
2026-01-02,76.31022644042969,77.2300033569336,77.55999755859375,76.52999877929688,77.25,1084200
2026-01-05,77.37735748291016,78.30999755859375,79.19000244140625,75.9000015258789,76.19999694824219,1281400
2026-01-06,77.72319793701172,78.66000366210938,78.9800033569336,77.08000183105469,78.05999755859375,1299800
2026-01-07,77.4761734008789,78.41000366210938,79.04000091552734,77.5199966430664,79.04000091552734,1055000
2026-01-08,79.41282653808594,80.37000274658203,80.44999694824219,78.44999694824219,78.80000305175781,1179500
2026-01-09,79.33377838134766,80.29000091552734,80.88999938964844,80.2300033569336,80.25,821500
2026-01-12,79.10651397705078,80.05999755859375,80.9000015258789,79.37999725341797,80.1500015258789,1055000
2026-01-13,78.38520812988281,79.33000183105469,81.16000366210938,78.93000030517578,81.0,1263600
2026-01-14,78.86937713623047,79.81999969482422,80.5199966430664,78.9800033569336,79.48999786376953,1483200
2026-01-15,76.46832275390625,77.38999938964844,80.55000305175781,77.30000305175781,80.02999877929688,2108600
2026-01-16,75.18379974365234,76.08999633789062,77.37000274658203,75.06999969482422,76.86000061035156,1976000
2026-01-20,74.58106994628906,75.4800033569336,76.41999816894531,75.22000122070312,75.68000030517578,1590900
2026-01-21,75.78653717041016,76.69999694824219,76.83999633789062,75.66000366210938,76.16999816894531,978400
2026-01-22,76.023681640625,76.94000244140625,76.94999694824219,75.94999694824219,76.4800033569336,889700
2026-01-23,75.19367980957031,76.0999984741211,76.86000061035156,75.3499984741211,76.61000061035156,686300
2026-01-26,75.480224609375,76.38999938964844,77.18000030517578,75.7699966430664,76.25,760700
2026-01-27,74.95654296875,75.86000061035156,76.2300033569336,75.52999877929688,76.2300033569336,915100
2026-01-28,75.38142395019531,76.29000091552734,76.56999969482422,75.19999694824219,75.6500015258789,1009400
2026-01-29,75.38142395019531,76.29000091552734,77.19999694824219,75.83000183105469,77.04000091552734,1875000
2026-01-30,75.52059173583984,75.97000122070312,76.27999877929688,74.75,75.37000274658203,1824200
2026-02-02,76.01763153076172,76.47000122070312,76.69000244140625,75.72000122070312,76.05000305175781,1242100
2026-02-03,76.10709381103516,76.55999755859375,77.19999694824219,75.81999969482422,76.41999816894531,1196800
2026-02-04,76.5146713256836,76.97000122070312,77.63999938964844,76.44999694824219,76.91000366210938,1475400
2026-02-05,75.2124252319336,75.66000366210938,78.41999816894531,75.54000091552734,77.11000061035156,2786300
2026-02-06,74.11892700195312,74.55999755859375,75.62999725341797,69.94000244140625,70.94000244140625,4505100
2026-02-09,71.27584838867188,71.69999694824219,75.70999908447266,71.55000305175781,74.33999633789062,2330200
2026-02-10,71.31561279296875,71.73999786376953,72.66999816894531,70.7300033569336,71.69000244140625,1491000
2026-02-11,70.98756408691406,71.41000366210938,72.06999969482422,70.44999694824219,71.76000213623047,1989000
2026-02-12,70.40105438232422,70.81999969482422,71.80000305175781,69.80000305175781,71.41000366210938,1708000
2026-02-13,71.21620178222656,71.63999938964844,72.48999786376953,69.95999908447266,70.27999877929688,1483100
2026-02-17,72.47869110107422,72.91000366210938,73.02999877929688,71.4800033569336,71.55000305175781,1222000
2026-02-18,72.82662200927734,73.26000213623047,73.36000061035156,71.73999786376953,72.87000274658203,1159600
2026-02-19,73.0353775024414,73.47000122070312,73.94999694824219,72.77999877929688,73.08999633789062,1174900
2026-02-20,73.21431732177734,73.6500015258789,74.5,72.63999938964844,74.04000091552734,1535500
2026-02-23,70.42092895507812,70.83999633789062,74.54000091552734,70.6500015258789,74.0199966430664,2130200
2026-02-24,71.21620178222656,71.63999938964844,71.9800033569336,70.48999786376953,70.81999969482422,1604800
2026-02-25,72.05123901367188,72.4800033569336,72.66000366210938,70.68000030517578,71.83999633789062,1462000
2026-02-26,73.38330841064453,73.81999969482422,74.2300033569336,72.51000213623047,73.41000366210938,1311200
2026-02-27,71.30567169189453,71.7300033569336,73.51000213623047,70.93000030517578,73.51000213623047,2051300
2026-03-02,71.68342590332031,72.11000061035156,72.69000244140625,71.2300033569336,71.5,1654800
2026-03-03,70.24200439453125,70.66000366210938,71.33999633789062,69.0199966430664,70.80999755859375,1461900
2026-03-04,72.95584869384766,73.38999938964844,73.41999816894531,70.02999877929688,70.58000183105469,1766500
2026-03-05,73.85052490234375,74.29000091552734,74.48999786376953,72.33000183105469,72.87000274658203,1473600
2026-03-06,73.08507537841797,73.5199966430664,73.6500015258789,71.68000030517578,73.19999694824219,1759100
2026-03-09,72.50851440429688,72.94000244140625,73.06999969482422,70.62999725341797,72.3499984741211,1856900
2026-03-10,72.34945678710938,72.77999877929688,74.04000091552734,71.62000274658203,73.36000061035156,1672300
2026-03-11,72.08106231689453,72.51000213623047,73.73999786376953,71.58000183105469,72.41999816894531,2353500
2026-03-12,72.25999450683594,72.69000244140625,73.16999816894531,70.77999877929688,71.55000305175781,1762700
2026-03-13,71.7331314086914,72.16000366210938,73.36000061035156,71.98999786376953,73.36000061035156,1298600
2026-03-16,72.40910339355469,72.83999633789062,73.19999694824219,72.0199966430664,72.47000122070312,1472200
2026-03-17,74.74520874023438,75.19000244140625,75.66000366210938,72.48999786376953,73.79000091552734,1868000
2026-03-18,73.80081939697266,74.23999786376953,75.08999633789062,73.54000091552734,74.4000015258789,1895300
2026-03-19,72.51844787597656,72.94999694824219,74.22000122070312,72.58999633789062,73.94999694824219,1931900
2026-03-20,72.09099578857422,72.5199966430664,73.77999877929688,72.08000183105469,73.5,11805000
2026-03-23,72.81668090820312,73.25,74.55999755859375,72.83999633789062,74.05999755859375,1177300
2026-03-24,73.40318298339844,73.83999633789062,74.12999725341797,72.81999969482422,72.94999694824219,1321200
2026-03-25,74.05928802490234,74.5,75.05000305175781,73.4800033569336,74.51000213623047,835900
2026-03-26,74.00957489013672,74.44999694824219,75.16999816894531,74.05999755859375,74.44999694824219,1000700
2026-03-27,72.46875,72.9000015258789,74.33999633789062,72.62999725341797,74.33999633789062,1158200
2026-03-30,72.55821228027344,72.98999786376953,73.83000183105469,71.72000122070312,73.75,1562200
2026-03-31,72.59797668457031,73.02999877929688,74.47000122070312,72.75,74.08000183105469,1179900
2026-04-01,73.4230728149414,73.86000061035156,74.61000061035156,72.88999938964844,73.8499984741211,1911200
2026-04-02,73.73123168945312,74.16999816894531,74.37999725341797,72.27999877929688,73.38999938964844,1112200
2026-04-06,75.391357421875,75.83999633789062,75.83999633789062,73.94000244140625,73.94000244140625,879600
2026-04-07,75.2720718383789,75.72000122070312,75.91999816894531,75.0999984741211,75.5999984741211,813300
2026-04-08,77.09124755859375,77.55000305175781,77.63999938964844,76.54000091552734,76.62000274658203,1343300
2026-04-09,76.17668151855469,76.62999725341797,77.63999938964844,76.4800033569336,77.11000061035156,1166800
2026-04-10,76.21644592285156,76.66999816894531,76.91999816894531,75.94999694824219,76.4000015258789,846300
2026-04-13,76.7433090209961,77.19999694824219,77.33999633789062,76.11000061035156,76.12999725341797,883000
2026-04-14,77.07135772705078,77.52999877929688,77.91999816894531,76.86000061035156,77.02999877929688,704700
2026-04-15,78.43325805664062,78.9000015258789,79.43000030517578,77.23999786376953,77.3499984741211,1113700
2026-04-16,78.51278686523438,78.9800033569336,79.79000091552734,78.36000061035156,79.23999786376953,1200900
2026-04-17,79.158935546875,79.62999725341797,80.55000305175781,79.01000213623047,79.01000213623047,1125600
2026-04-20,78.76130676269531,79.2300033569336,80.19999694824219,79.12999725341797,79.41000366210938,1126700
2026-04-21,78.32390594482422,78.79000091552734,79.4800033569336,78.54000091552734,79.47000122070312,1588400
2026-04-22,76.87254333496094,77.33000183105469,78.77999877929688,76.47000122070312,78.77999877929688,2572700
2026-04-23,77.30000305175781,77.76000213623047,78.55000305175781,77.05999755859375,77.37999725341797,1723200
2026-04-24,77.4800033569336,77.4800033569336,77.48999786376953,76.68000030517578,76.91999816894531,1224500
2026-04-27,77.12999725341797,77.12999725341797,78.05999755859375,77.12000274658203,77.27999877929688,1311700
2026-04-28,77.81999969482422,77.81999969482422,78.38999938964844,77.27999877929688,77.69000244140625,1742300
2026-04-29,81.29000091552734,81.29000091552734,81.88999938964844,79.29000091552734,80.0,2395800
2026-04-30,80.37999725341797,80.37999725341797,81.19999694824219,79.83000183105469,80.13999938964844,2101800
2026-05-01,80.83999633789062,80.83999633789062,81.41000366210938,79.9000015258789,80.0999984741211,1473500
2026-05-04,80.23999786376953,80.23999786376953,81.72000122070312,80.0199966430664,80.43000030517578,949800
2026-05-05,80.83000183105469,80.83000183105469,81.69999694824219,80.18000030517578,80.6500015258789,1017700
2026-05-06,80.29000091552734,80.29000091552734,82.20999908447266,80.25,80.98999786376953,1159700
2026-05-07,80.31999969482422,80.31999969482422,80.70999908447266,79.41000366210938,80.22000122070312,1335600
2026-05-08,80.87999725341797,80.87999725341797,81.58000183105469,79.93000030517578,80.51000213623047,1161300
2026-05-11,81.51000213623047,81.51000213623047,81.86000061035156,80.7699966430664,81.13999938964844,1410400
2026-05-12,81.16000366210938,81.16000366210938,82.0,80.05999755859375,80.05999755859375,988000
2026-05-13,80.43000030517578,80.43000030517578,81.44000244140625,80.0999984741211,80.88999938964844,919400
2026-05-14,80.9000015258789,80.9000015258789,81.5,80.43000030517578,80.43000030517578,819600
2026-05-15,81.63999938964844,81.63999938964844,81.87000274658203,80.77999877929688,81.02999877929688,1140700
2026-05-18,82.7699966430664,82.7699966430664,83.45999908447266,81.72000122070312,81.72000122070312,1121600
2026-05-19,82.2300033569336,82.2300033569336,83.23999786376953,81.72000122070312,82.83000183105469,984600
2026-05-20,83.83000183105469,83.83000183105469,84.04000091552734,81.87000274658203,82.44000244140625,1108200
2026-05-21,84.48999786376953,84.48999786376953,85.2699966430664,83.0199966430664,83.86000061035156,1389000
2026-05-22,84.5199966430664,84.5199966430664,84.98999786376953,84.13999938964844,84.77999877929688,913400
2026-05-26,84.41999816894531,84.41999816894531,84.9000015258789,83.31999969482422,83.87999725341797,889300
2026-05-27,83.41000366210938,83.41000366210938,84.62000274658203,83.33999633789062,84.0999984741211,1192600
2026-05-28,82.44999694824219,82.44999694824219,83.18000030517578,82.2300033569336,82.69999694824219,973500
2026-05-29,83.2300033569336,83.2300033569336,84.26000213623047,82.33999633789062,82.33999633789062,1589600
2026-06-01,83.43000030517578,83.43000030517578,84.11000061035156,82.55999755859375,82.93000030517578,1039600
2026-06-02,84.16999816894531,84.16999816894531,85.05999755859375,83.02999877929688,83.02999877929688,1046200
2026-06-03,83.51000213623047,83.51000213623047,84.55000305175781,82.61000061035156,84.55000305175781,867900
2026-06-04,84.91000366210938,84.91000366210938,85.38999938964844,84.23999786376953,84.33000183105469,963300
2026-06-05,86.83999633789062,86.83999633789062,86.87999725341797,85.31999969482422,85.41000366210938,1169300
2026-06-08,87.0199966430664,87.0199966430664,87.80999755859375,86.01000213623047,86.33999633789062,1423100
2026-06-09,88.0,88.0,88.91999816894531,87.11000061035156,87.30999755859375,1711600
2026-06-10,90.68000030517578,90.68000030517578,91.36000061035156,88.01000213623047,88.68000030517578,2085000
2026-06-11,91.70999908447266,91.70999908447266,92.0,90.83999633789062,91.3499984741211,1462900
2026-06-12,92.7300033569336,92.7300033569336,92.97000122070312,91.56999969482422,91.98999786376952,1789500
2026-06-15,91.81999969482422,91.81999969482422,93.22000122070312,91.54000091552734,92.4499969482422,1291900
2026-06-16,92.3000030517578,92.3000030517578,92.88999938964844,91.38999938964844,92.41999816894533,1362500
2026-06-17,91.62000274658205,91.62000274658205,92.72000122070312,91.26000213623048,91.95999908447266,1349800
2026-06-18,89.9800033569336,89.9800033569336,92.56999969482422,89.61000061035156,91.9800033569336,5940700
2026-06-22,90.58000183105467,90.58000183105467,91.37999725341795,90.05000305175781,90.33000183105467,1323700
2026-06-23,91.33999633789062,91.33999633789062,91.47000122070312,90.25,90.79000091552734,1222000
2026-06-24,88.6500015258789,88.6500015258789,91.33999633789062,88.55000305175781,91.33999633789062,1343800
2026-06-25,88.91999816894531,88.91999816894531,89.75,87.4800033569336,88.83999633789062,1090300
2026-06-26,90.12000274658205,90.12000274658205,90.12000274658205,88.77999877929688,89.51000213623047,1626200
2026-06-29,89.66999816894531,89.66999816894531,89.87999725341797,88.56999969482422,89.33000183105469,1265100
2026-06-30,89.4000015258789,89.4000015258789,90.56999969482422,88.94999694824219,89.43000030517578,1195200
2026-07-01,91.4000015258789,91.4000015258789,92.11000061035156,89.66000366210938,89.93000030517578,1343200
2026-07-02,92.33999633789062,92.33999633789062,92.36000061035156,90.43000030517578,91.77999877929688,926400
2026-07-06,89.51000213623047,89.51000213623047,91.98999786376952,85.51000213623047,91.98999786376952,2744400
2026-07-07,89.19999694824219,89.19999694824219,90.9000015258789,89.04000091552734,90.22000122070312,2091700
2026-07-08,87.73999786376953,87.73999786376953,89.7300033569336,87.45999908447266,89.72000122070312,1322200
2026-07-09,88.44000244140625,88.44000244140625,88.54000091552734,87.08999633789062,87.8499984741211,1334600
2026-07-10,87.5,87.5,88.80000305175781,87.44000244140625,88.62000274658203,1314800
2026-07-13,89.41000366210938,89.41000366210938,89.54000091552734,87.75,88.2300033569336,1349200
2026-07-14,88.47000122070312,88.47000122070312,89.77999877929688,88.04000091552734,89.0199966430664,1520100
2026-07-15,89.0,89.0,89.3499984741211,87.76000213623047,88.11000061035156,1322500
2026-07-16,89.56999969482422,89.56999969482422,89.98999786376953,88.54000091552734,89.16000366210938,819700
2026-07-17,89.05000305175781,89.05000305175781,90.41000366210938,88.62999725341797,89.5,1148400
2026-07-20,88.8499984741211,88.8499984741211,89.58999633789062,88.63999938964844,89.02999877929688,781700
2026-07-21,88.37999725341797,88.37999725341797,89.02999877929688,87.79000091552734,88.19000244140625,953400
2026-07-22,87.79000091552734,87.79000091552734,88.66999816894531,87.44999694824219,88.54000091552734,749100
