Date,Open,High,Low,Close,Adj Close,Volume,MA20,MA50,MA200,ATR14,20D_HIGH,20D_LOW,AVG_VOL_20
2025-03-17,173.9499969482422,177.16000366210938,173.82000732421875,176.24000549316406,173.89688110351562,9678100,,,,,,,
2025-03-18,174.3800048828125,174.5800018310547,170.42999267578125,173.1300048828125,171.49380493164062,9986000,,,,,,,
2025-03-19,173.0,175.72999572753906,171.74000549316406,173.75999450683594,172.1178436279297,10678500,,,,,,,
2025-03-20,174.85000610351562,178.6699981689453,174.5500030517578,177.47000122070312,175.7928009033203,12209700,,,,,,,
2025-03-21,174.91000366210938,177.1999969482422,173.7899932861328,176.72999572753906,175.05978393554688,9993200,,,,,,,
2025-03-24,179.99000549316406,182.92999267578125,179.67999267578125,181.16000366210938,179.4479217529297,11440000,,,,,,,
2025-03-25,182.47000122070312,182.50999450683594,179.8000030517578,180.89999389648438,179.19036865234375,8718800,,,,,,,
2025-03-26,179.22999572753906,179.5500030517578,171.47000122070312,173.5,171.86032104492188,14612400,,,,,,,
2025-03-27,171.38999938964844,171.61000061035156,167.5500030517578,168.24000549316406,166.65003967285156,17559100,,,,,,,
2025-03-28,168.0399932861328,168.6300048828125,164.05999755859375,165.25,163.68826293945312,16332000,,,,,,,
2025-03-31,160.36000061035156,166.1300048828125,159.72999572753906,166.0,164.4311981201172,19408300,,,,,,,
2025-04-01,166.38999938964844,168.8699951171875,165.05999755859375,168.63999938964844,167.04623413085938,9180000,,,,,,,
2025-04-02,166.85000610351562,171.75,166.35000610351562,170.38999938964844,168.77969360351562,10072700,,,,,,,
2025-04-03,160.05999755859375,161.8000030517578,157.2100067138672,157.3800048828125,155.8926544189453,28370500,,,,5.669999258858817,,,
2025-04-04,150.88999938964844,151.30999755859375,144.83999633789062,146.8000030517578,145.41265869140625,36085100,,,,6.327142987932477,,,
2025-04-07,134.50999450683594,153.75,134.25,146.1699981689453,144.78860473632812,46388300,,,,7.304999215262277,,,
2025-04-08,151.97999572753906,152.61000061035156,138.97999572753906,141.3699951171875,140.03396606445312,30479700,,,,7.993571690150669,,,
2025-04-09,140.1999969482422,160.6199951171875,137.89999389648438,158.75,157.24969482421875,45612500,,,,9.265714372907366,,,
2025-04-10,155.5,156.0,146.91000366210938,151.1300048828125,149.7017364501953,24503500,,,,9.848570687430245,,,
2025-04-11,156.0,158.00999450683594,153.25,157.0800018310547,155.59548950195312,19632200,165.50450057983397,,,9.897141592843193,182.92999267578125,134.25,19547030.0
2025-04-14,158.3000030517578,158.58999633789062,154.02999877929688,155.83999633789062,154.36720275878906,17509400,164.4845001220703,,,10.029284885951451,182.92999267578125,134.25,19938595.0
2025-04-15,156.49000549316406,158.25,156.0500030517578,157.3300018310547,155.84312438964844,14306600,163.69449996948242,,,9.527857099260602,182.92999267578125,134.25,20154625.0
2025-04-16,150.60000610351562,153.5399932861328,148.49000549316406,151.6699981689453,150.2366180419922,23806100,162.5900001525879,,,9.734285627092634,182.92999267578125,134.25,20811005.0
2025-04-17,156.0500030517578,157.5,151.4499969482422,151.74000549316406,150.3059539794922,27239900,161.30350036621093,,,9.839999607631139,182.92999267578125,134.25,21562515.0
2025-04-21,149.99000549316406,150.27999877929688,145.83999633789062,147.86000061035156,146.46263122558594,15170500,159.86000061035156,,,9.804285321916852,182.92999267578125,134.25,21821380.0
2025-04-22,148.0,152.60000610351562,147.44000244140625,151.39999389648438,149.9691619873047,12668600,158.37200012207032,,,9.900714329310826,182.50999450683594,134.25,21882810.0
2025-04-23,159.3699951171875,160.3800048828125,156.0,157.80999755859375,156.31858825683594,17667900,157.21750030517578,,,10.156429835728236,179.5500030517578,134.25,22330265.0
2025-04-24,157.77999877929688,164.5500030517578,157.38999938964844,164.17999267578125,162.6283721923828,18761100,156.75149993896486,,,9.72643062046596,171.75,134.25,22537700.0
2025-04-25,163.92999267578125,165.91000366210938,161.16000366210938,165.10000610351562,163.53970336914062,14654800,156.59449996948243,,,9.170001438685826,171.75,134.25,22392485.0
2025-04-28,165.0,165.32000732421875,160.5,163.39999389648438,161.8557586669922,11415600,156.50199966430665,,,8.12143053327288,171.75,134.25,22146665.0
2025-04-29,164.3800048828125,166.0,163.5,164.47999572753906,162.92555236816406,9830100,156.4259994506836,,,7.333573477608817,171.75,134.25,21667755.0
2025-04-30,163.5399932861328,166.9199981689453,161.75,166.69000244140625,165.1146697998047,10073000,156.3284996032715,,,6.0800018310546875,171.75,134.25,21712405.0
2025-05-01,172.8000030517578,174.77999877929688,170.9499969482422,172.72000122070312,171.08767700195312,22670600,156.44499969482422,,,5.812144688197544,174.77999877929688,134.25,22342300.0
2025-05-02,179.8000030517578,180.64999389648438,177.13999938964844,179.27999877929688,177.585693359375,21691200,157.53999938964844,,,5.887144906180246,180.64999389648438,134.25,22008335.0
2025-05-05,179.0,180.0800018310547,176.25,176.39999389648438,174.73291015625,14618900,159.01999893188477,,,5.835002354213169,180.64999389648438,134.25,20935025.0
2025-05-06,172.60000610351562,174.74000549316406,170.58999633789062,172.27999877929688,170.65184020996094,14565600,160.32549896240235,,,6.077859061104911,180.64999389648438,137.89999389648438,19343890.0
2025-05-07,174.10000610351562,175.97999572753906,171.3699951171875,174.5399932861328,172.89047241210938,9682500,161.9839988708496,,,5.775716509137835,180.64999389648438,137.89999389648438,18304030.0
2025-05-08,175.33999633789062,177.4499969482422,173.66000366210938,175.22000122070312,173.5640411376953,10343000,162.80749893188477,,,5.614287240164621,180.64999389648438,145.83999633789062,16540555.0
2025-05-09,179.8000030517578,180.4600067138672,176.47000122070312,176.52000427246094,174.85177612304688,11582800,164.07699890136718,,,5.567144121442523,180.64999389648438,145.83999633789062,15894520.0
2025-05-12,187.27999877929688,189.1699981689453,184.61000061035156,186.97999572753906,185.21290588378906,22064900,165.5719985961914,,,6.102143423897879,189.1699981689453,145.83999633789062,16016155.0
2025-05-13,187.72000122070312,194.27999877929688,187.72000122070312,193.99000549316406,192.1566619873047,19996000,167.47949905395507,,,5.982142857142857,194.27999877929688,145.83999633789062,16140485.0
2025-05-14,195.27999877929688,196.22000122070312,193.22999572753906,194.75999450683594,192.91940307617188,12359000,169.35099868774415,,,5.684285845075335,196.22000122070312,145.83999633789062,16043105.0
2025-05-15,193.10000610351562,194.49000549316406,191.6300048828125,194.22000122070312,192.38449096679688,10241800,171.47849884033204,,,5.568570818219866,196.22000122070312,145.83999633789062,15364890.0
2025-05-16,194.52999877929688,195.0800018310547,192.57000732421875,194.22000122070312,192.38449096679688,9146700,173.60249862670898,,,5.403569902692523,196.22000122070312,145.83999633789062,14460230.0
2025-05-19,189.0,193.5,188.80999755859375,193.5,191.6713104248047,10144400,175.8844985961914,,,5.604284014020648,196.22000122070312,147.44000244140625,14208925.0
2025-05-20,191.8000030517578,193.72999572753906,190.80999755859375,193.4499969482422,191.6217803955078,7054100,177.98699874877929,,,5.443569728306362,196.22000122070312,156.0,13928200.0
2025-05-21,193.10000610351562,195.27000427246094,190.52999877929688,191.75999450683594,189.94773864746094,7375700,179.68449859619142,,,5.20428466796875,196.22000122070312,157.38999938964844,13413590.0
2025-05-22,191.33999633789062,196.8300018310547,191.33999633789062,196.19000244140625,194.33587646484375,11825000,181.28499908447264,,,5.029999869210379,196.8300018310547,160.5,13066785.0
2025-05-23,192.02000427246094,192.8000030517578,190.02999877929688,191.97999572753906,190.16566467285156,9403100,182.62899856567384,,,5.196428571428571,196.8300018310547,160.5,12804200.0
2025-05-27,194.10000610351562,198.30999755859375,193.6999969482422,197.67999267578125,195.81178283691406,12228200,184.34299850463867,171.26559936523438,,5.23357173374721,198.30999755859375,161.75,12844830.0
2025-05-28,196.08999633789062,198.07000732421875,195.47999572753906,196.13999938964844,194.28634643554688,17787600,185.92599868774414,171.66359924316407,,5.089286804199219,198.30999755859375,161.75,13242705.0
2025-05-29,199.4600067138672,199.8000030517578,196.0800018310547,197.14999389648438,195.28680419921875,14609900,187.44899826049806,172.1439990234375,,5.084287370954241,199.8000030517578,170.58999633789062,13469550.0
2025-05-30,195.77000427246094,195.91000366210938,190.55999755859375,193.32000732421875,191.49301147460938,11998300,188.47899856567383,172.53519927978516,,5.18071528843471,199.8000030517578,170.58999633789062,12935935.0
2025-06-02,193.0399932861328,195.16000366210938,192.1999969482422,194.83999633789062,192.99862670898438,7447400,189.25699844360352,172.8825991821289,,4.488573346819196,199.8000030517578,170.58999633789062,12223745.0
2025-06-03,194.35000610351562,198.1699981689453,193.63999938964844,197.61000061035156,195.74246215820312,9548300,190.31749877929687,173.30019927978515,,4.290715898786273,199.8000030517578,170.58999633789062,11970215.0
2025-06-04,201.3800048828125,204.02999877929688,200.3800048828125,202.39999389648438,200.4871826171875,13531100,191.82349853515626,173.72499908447264,,4.53571537562779,204.02999877929688,171.3699951171875,11918490.0
2025-06-05,204.8800048828125,205.75999450683594,202.27999877929688,203.33999633789062,201.41830444335938,12214300,193.26349868774415,174.17379913330078,,4.560715811593192,205.75999450683594,173.66000366210938,12045080.0
2025-06-06,203.5800018310547,206.2899932861328,203.22999572753906,205.17999267578125,203.2409210205078,8532000,194.76149826049806,174.8073989868164,,4.600001743861607,206.2899932861328,176.47000122070312,11954530.0
2025-06-09,206.39999389648438,209.27000427246094,205.8699951171875,207.0,205.04371643066406,11472300,196.285498046875,175.5825988769531,,4.505716596330915,209.27000427246094,184.61000061035156,11949005.0
2025-06-10,211.61000061035156,213.22999572753906,209.9600067138672,212.4600067138672,210.45211791992188,14514000,197.55949859619142,176.52679901123048,,4.7421449933733255,213.22999572753906,187.72000122070312,11571460.0
2025-06-11,215.0,217.42999267578125,212.9499969482422,214.10000610351562,212.07662963867188,13326400,198.56499862670898,177.48879913330077,,4.758572169712612,217.42999267578125,188.80999755859375,11237980.0
2025-06-12,212.9199981689453,215.8800048828125,211.91000366210938,215.42999267578125,214.17430114746094,9796100,199.59849853515624,178.42459899902343,,4.650000435965402,217.42999267578125,188.80999755859375,11109835.0
2025-06-13,210.11000061035156,213.25999450683594,209.39999389648438,211.10000610351562,209.8695526123047,10152500,200.44249877929687,179.23879913330077,,4.640714372907366,217.42999267578125,188.80999755859375,11105370.0
2025-06-16,213.0,217.60000610351562,212.72999572753906,215.67999267578125,214.4228515625,10932900,201.51549835205077,180.40479888916016,,4.652857099260602,217.60000610351562,188.80999755859375,11194680.0
2025-06-17,213.88999938964844,215.94000244140625,213.5,213.89999389648438,212.65322875976562,8389700,202.535498046875,181.74679870605468,,4.642142159598214,217.60000610351562,190.02999877929688,11106945.0
2025-06-18,214.6999969482422,215.1699981689453,212.88999938964844,213.5,212.2555694580078,6932000,203.5379981994629,183.0933987426758,,4.539284842354911,217.60000610351562,190.02999877929688,11100840.0
2025-06-20,215.1999969482422,215.5,208.14999389648438,209.50999450683594,208.288818359375,16992000,204.42549819946288,184.45619873046874,,4.593571254185268,217.60000610351562,190.02999877929688,11581655.0
2025-06-23,206.6300048828125,210.58999633789062,206.1999969482422,210.32000732421875,209.09410095214844,7535500,205.13199844360352,185.48759887695311,,4.695713588169643,217.60000610351562,190.02999877929688,11367180.0
2025-06-24,214.38999938964844,220.3699951171875,213.8800048828125,220.08999633789062,218.80714416503906,14814700,206.5374984741211,186.86679870605468,,5.089998517717634,220.3699951171875,190.55999755859375,11637760.0
2025-06-25,220.8000030517578,223.5,220.8000030517578,222.74000549316406,221.4417266845703,9168400,207.79049911499024,188.17999877929688,,4.874998910086496,223.5,190.55999755859375,11484770.0
2025-06-26,224.97999572753906,225.22000122070312,222.6999969482422,224.00999450683594,222.70428466796875,7982200,209.18399887084962,189.54339874267578,,4.806428091866629,225.22000122070312,190.55999755859375,10994500.0
2025-06-27,224.3000030517578,228.8800048828125,224.02999877929688,228.57000732421875,227.23773193359375,13133000,210.75499954223633,190.96819885253908,,4.9357147216796875,228.8800048828125,190.55999755859375,10920655.0
2025-06-30,227.44000244140625,228.14999389648438,224.8000030517578,226.49000549316406,225.16986083984375,9279800,212.4134994506836,192.46459899902345,,4.9128570556640625,228.8800048828125,192.1999969482422,10784730.0
2025-07-01,227.42999267578125,228.60000610351562,221.17999267578125,224.67999267578125,223.37039184570312,9990200,213.90549926757814,193.92339874267577,,4.997858319963727,228.8800048828125,193.63999938964844,10911870.0
2025-07-02,224.47999572753906,233.82000732421875,224.0,233.60000610351562,232.2384033203125,12012500,215.70499954223632,195.63819885253906,,5.344288417271206,233.82000732421875,200.3800048828125,11035080.0
2025-07-03,233.8699951171875,237.5800018310547,233.27000427246094,234.8000030517578,233.43142700195312,7779600,217.325,197.30619903564454,,5.368573869977679,237.5800018310547,202.27999877929688,10747505.0
2025-07-07,231.6300048828125,232.5500030517578,227.44000244140625,229.1699981689453,227.834228515625,13817500,218.61650009155272,198.73339904785155,,5.4635740007672995,237.5800018310547,203.22999572753906,10827665.0
2025-07-08,229.77999877929688,230.3300018310547,227.5399932861328,227.86000061035156,226.5318603515625,8854400,219.75050048828126,200.00699920654296,,5.198574611118862,237.5800018310547,205.8699951171875,10843785.0
2025-07-09,230.4499969482422,233.27000427246094,230.24000549316406,231.83999633789062,230.48866271972656,9475300,220.99250030517578,201.34179901123048,,5.4107175554547995,237.5800018310547,206.1999969482422,10743935.0
2025-07-10,232.77999877929688,233.0500030517578,227.77000427246094,229.75999450683594,228.42079162597656,13124700,221.8574996948242,202.6689990234375,,5.625003269740513,237.5800018310547,206.1999969482422,10674470.0
2025-07-11,231.0,232.27000427246094,229.39999389648438,230.39999389648438,229.0570526123047,8817800,222.67249908447266,203.9873989868164,,5.305003574916294,237.5800018310547,206.1999969482422,10449040.0
2025-07-14,229.3300018310547,229.85000610351562,226.30999755859375,228.6699981689453,227.33714294433594,10673500,223.33449935913086,205.22699890136718,,5.283574785505023,237.5800018310547,206.1999969482422,10492910.0
2025-07-15,234.4600067138672,237.7100067138672,233.85000610351562,236.9499969482422,235.56887817382812,14270100,224.6269989013672,206.51159881591798,,5.211433410644531,237.7100067138672,206.1999969482422,10698790.0
2025-07-16,236.39999389648438,238.30999755859375,234.14999389648438,237.55999755859375,236.17532348632812,15092800,225.72099914550782,207.6771987915039,,5.26500483921596,238.30999755859375,206.1999969482422,10906785.0
2025-07-17,245.7899932861328,248.27999877929688,241.38999938964844,245.60000610351562,244.16847229003906,27395700,227.30599975585938,209.06119903564453,,5.850718906947544,248.27999877929688,206.1999969482422,11857085.0
2025-07-18,245.30999755859375,245.97000122070312,238.69000244140625,240.39999389648438,238.998779296875,16252000,228.6509994506836,210.4235989379883,,6.022860935756138,248.27999877929688,206.1999969482422,12323085.0
2025-07-21,240.1199951171875,242.33999633789062,238.7100067138672,238.85000610351562,237.4578094482422,11971800,230.11800003051758,211.70979919433594,,6.0128598894391745,248.27999877929688,206.1999969482422,12072075.0
2025-07-22,237.8300018310547,238.0,231.75999450683594,234.60000610351562,233.2325897216797,11919500,231.3319999694824,212.8973992919922,,5.989288330078125,248.27999877929688,213.8800048828125,12291275.0
2025-07-23,238.52000427246094,240.5,236.3800048828125,240.3300018310547,238.92918395996094,9885400,232.34400024414063,214.17359924316406,,5.709287370954241,248.27999877929688,220.8000030517578,12044810.0
2025-07-24,240.2100067138672,241.9499969482422,238.02999877929688,241.60000610351562,240.19178771972656,9081900,233.2870002746582,215.26599945068358,,5.681430271693638,248.27999877929688,221.17999267578125,12040485.0
2025-07-25,241.32000732421875,246.24000549316406,240.94000244140625,245.60000610351562,244.16847229003906,11593400,234.3665008544922,216.29819946289064,,5.534287588936942,248.27999877929688,221.17999267578125,12221045.0
2025-07-28,243.0,243.9499969482422,241.0500030517578,242.75,241.3350830078125,11892200,235.07550048828125,217.2579995727539,,5.660001482282366,248.27999877929688,221.17999267578125,12159005.0
2025-07-29,241.5,243.97000122070312,239.82000732421875,241.3300018310547,239.92333984375,9411500,235.81750030517577,218.20019958496093,,5.570000784737723,248.27999877929688,221.17999267578125,12165590.0
2025-07-30,242.1199951171875,244.57000732421875,241.22000122070312,242.91000366210938,241.49415588378906,6823800,236.7290008544922,219.17399963378907,,5.4321441650390625,248.27999877929688,224.0,12007270.0
2025-07-31,245.97999572753906,247.41000366210938,239.8000030517578,241.6199951171875,240.21165466308594,13490700,237.13000030517577,220.1363995361328,,5.770714896065848,248.27999877929688,226.30999755859375,12081180.0
2025-08-01,235.6199951171875,237.19000244140625,231.83999633789062,235.2100067138672,233.83901977539062,13549800,237.15050048828124,220.9715997314453,,6.177143641880581,248.27999877929688,226.30999755859375,12369690.0
2025-08-04,237.91000366210938,239.0,236.38999938964844,239.0,237.60693359375,6450700,237.642000579834,221.9163998413086,,5.8021425519670755,248.27999877929688,226.30999755859375,12001350.0
2025-08-05,238.3300018310547,238.6300048828125,230.1699981689453,232.47000122070312,231.11500549316406,11868900,237.87250061035155,222.64199981689453,,6.135713849748884,248.27999877929688,226.30999755859375,12152075.0
2025-08-06,231.02999877929688,232.1999969482422,228.82000732421875,231.3699951171875,230.0214080810547,9457200,237.8490005493164,223.4297998046875,,5.630713326590402,248.27999877929688,226.30999755859375,12151170.0
2025-08-07,244.47000122070312,247.83999633789062,240.8000030517578,242.6199951171875,241.20582580566406,17691000,238.49200057983398,224.3285998535156,,6.287142072405134,248.27999877929688,226.30999755859375,12379485.0
2025-08-08,243.16000366210938,243.16000366210938,238.97000122070312,241.8300018310547,240.42044067382812,10552500,239.0635009765625,225.24239990234375,,6.327142987932477,248.27999877929688,226.30999755859375,12466220.0
2025-08-11,242.0399932861328,245.35000610351562,241.5399932861328,242.08999633789062,240.6789093017578,8272900,239.73450088500977,226.14119995117187,,6.092857360839844,248.27999877929688,228.82000732421875,12346190.0
2025-08-12,243.72000122070312,244.77000427246094,241.6999969482422,244.2899932861328,242.8660888671875,7295800,240.10150070190429,227.16059967041016,,5.890715462820871,248.27999877929688,228.82000732421875,11997475.0
2025-08-13,246.42999267578125,246.42999267578125,239.94000244140625,241.44000244140625,240.03271484375,7971900,240.2955009460449,228.09259979248046,,6.074286324637277,248.27999877929688,228.82000732421875,11641430.0
2025-08-14,237.97000122070312,241.3800048828125,236.82000732421875,241.0,239.59527587890625,11040500,240.06550064086915,228.96039978027343,,6.0257143293108255,247.83999633789062,228.82000732421875,10823670.0
2025-08-15,240.3300018310547,240.8000030517578,237.25999450683594,238.8800048828125,237.48764038085938,8155500,239.98950119018554,229.69,,5.967857360839844,247.83999633789062,228.82000732421875,10418845.0
2025-08-18,239.99000549316406,242.86000061035156,239.99000549316406,241.41000366210938,240.0028839111328,6919800,240.11750106811525,230.4514001464844,,5.955714634486607,247.83999633789062,228.82000732421875,10166245.0
2025-08-19,240.02000427246094,240.1699981689453,232.5800018310547,232.6999969482422,231.34364318847656,14594700,240.02250061035156,231.0018002319336,,6.347142900739398,247.83999633789062,228.82000732421875,10300005.0
2025-08-20,228.13999938964844,229.02999877929688,223.6999969482422,228.60000610351562,227.26756286621094,17165200,239.4360008239746,231.4338003540039,,6.446428571428571,247.83999633789062,223.6999969482422,10663995.0
2025-08-21,228.14999389648438,230.3300018310547,226.25999450683594,227.3300018310547,226.0049591064453,7449100,238.72250061035157,231.73120025634765,,6.038572038922991,247.83999633789062,223.6999969482422,10582355.0
2025-08-22,228.0,234.4499969482422,226.1699981689453,232.99000549316406,231.63197326660156,10299500,238.09200057983398,232.10900024414062,,6.359286717006138,247.83999633789062,223.6999969482422,10517660.0
2025-08-25,234.3000030517578,237.27999877929688,232.25,235.58999633789062,234.216796875,7655000,237.7340003967285,232.51220031738282,,6.087857927594866,247.83999633789062,223.6999969482422,10305800.0
2025-08-26,236.3699951171875,238.8300018310547,235.72999572753906,238.72000122070312,237.3285675048828,9793100,237.60350036621094,233.06460021972657,,6.058573041643415,247.83999633789062,223.6999969482422,10324880.0
2025-08-27,236.8699951171875,239.39999389648438,235.44000244140625,239.2899932861328,237.89523315429688,9516400,237.4224998474121,233.5368002319336,,5.165000915527344,247.83999633789062,223.6999969482422,10459510.0
2025-08-28,236.3000030517578,240.66000366210938,236.0,238.27000427246094,236.8811798095703,8466200,237.25500030517577,234.02420043945312,,5.198572431291852,247.83999633789062,223.6999969482422,10208285.0
2025-08-29,235.83999633789062,235.9499969482422,230.5800018310547,230.8699951171875,229.52430725097656,15526000,237.0379997253418,234.37160034179686,,5.475714547293527,247.83999633789062,223.6999969482422,10307095.0
2025-09-02,226.14999389648438,229.33999633789062,225.6300048828125,228.38999938964844,227.05877685546875,13974900,236.50749969482422,234.74920043945312,,5.630713326590402,247.83999633789062,223.6999969482422,10683305.0
2025-09-03,231.52000427246094,232.4499969482422,228.60000610351562,231.38999938964844,230.04129028320312,7198500,236.4534996032715,235.17060028076173,,5.457142421177456,247.83999633789062,223.6999969482422,10449785.0
2025-09-04,231.35000610351562,235.30999755859375,230.3000030517578,235.2100067138672,233.83901977539062,6241900,236.64550018310547,235.47300048828126,,5.484999520438058,247.83999633789062,223.6999969482422,10289020.0
2025-09-05,240.24000549316406,244.5500030517578,237.89999389648438,243.41000366210938,241.99122619628906,14056600,236.68500061035155,235.88640045166017,,5.884998866489956,246.42999267578125,223.6999969482422,10107300.0
2025-09-08,241.99000549316406,247.8800048828125,241.6199951171875,247.19000244140625,245.7491912841797,12986600,236.95300064086913,236.35000061035157,,6.047857012067523,247.8800048828125,223.6999969482422,10229005.0
2025-09-09,246.92999267578125,254.72999572753906,246.92999267578125,250.9199981689453,249.4574432373047,13443400,237.39450073242188,236.7970004272461,,5.9742856706891745,254.72999572753906,223.6999969482422,10487530.0
2025-09-10,258.8699951171875,264.5799865722656,257.75,260.44000244140625,258.9219665527344,18822400,238.20200119018554,237.47600036621094,,6.307141985212054,264.5799865722656,223.6999969482422,11063860.0
2025-09-11,260.3500061035156,261.6400146484375,258.2300109863281,258.9100036621094,257.40087890625,10005000,239.07550125122071,238.1606005859375,,6.259998866489956,264.5799865722656,223.6999969482422,11165515.0
2025-09-12,260.8500061035156,260.95001220703125,258.3800048828125,259.3299865722656,257.81842041015625,8496600,239.99200057983398,238.6752001953125,,5.852142333984375,264.5799865722656,223.6999969482422,11038320.0
2025-09-15,260.0,262.79998779296875,258.75,261.3800048828125,259.8564758300781,8147700,241.11700057983398,239.20680023193358,,5.782141549246652,264.5799865722656,223.6999969482422,11037930.0
2025-09-16,265.9200134277344,266.44000244140625,260.6099853515625,262.05999755859375,261.35443115234375,10381900,242.1495002746582,239.86460021972655,,5.967142377580915,266.44000244140625,223.6999969482422,11211035.0
2025-09-17,264.3399963378906,264.80999755859375,259.7300109863281,262.7900085449219,262.0824890136719,10422000,243.65400085449218,240.56320037841797,,6.047142028808594,266.44000244140625,223.6999969482422,11002400.0
2025-09-18,258.0,270.5400085449219,257.9800109863281,268.6400146484375,267.916748046875,16917300,245.65600128173827,241.2992007446289,,6.611427307128906,270.5400085449219,225.6300048828125,10990005.0
2025-09-19,266.3699951171875,266.57000732421875,262.80999755859375,264.8699951171875,264.1568603515625,17640200,247.53300094604492,242.00140075683595,,6.478571210588727,270.5400085449219,225.6300048828125,11499560.0
2025-09-22,266.5400085449219,276.3599853515625,265.45001220703125,272.6300048828125,271.89599609375,15630300,249.51500091552734,242.8460009765625,,6.9249997820172995,276.3599853515625,225.6300048828125,11766100.0
2025-09-23,282.3999938964844,286.0,280.0,282.7099914550781,281.9488525390625,17830300,251.87100067138672,243.92680084228516,,7.589999607631138,286.0,225.6300048828125,12274865.0
2025-09-24,280.30999755859375,281.2099914550781,276.7200012207031,280.7099914550781,279.9542236328125,10231000,253.97050018310546,244.80200073242187,,7.659999302455357,286.0,225.6300048828125,12296760.0
2025-09-25,273.1199951171875,277.1400146484375,270.19000244140625,276.6600036621094,275.9151306152344,11863400,255.8390007019043,245.5840008544922,,7.744284493582589,286.0,225.6300048828125,12414110.0
2025-09-26,273.8900146484375,275.5,270.6199951171875,273.3599853515625,272.6239929199219,10451900,257.5934997558594,246.13920043945313,,7.728570120675223,286.0,225.6300048828125,12513395.0
2025-09-29,276.489990234375,279.8699951171875,273.2300109863281,273.2300109863281,272.494384765625,8046200,259.7115005493164,246.79580078125,,7.645711626325335,286.0,225.6300048828125,12139405.0
2025-09-30,275.32000732421875,279.489990234375,273.8299865722656,279.2900085449219,278.5380554199219,8348800,262.2565010070801,247.6046008300781,,7.117139543805804,286.0,228.60000610351562,11858100.0
2025-10-01,278.44000244140625,290.4800109863281,277.1700134277344,288.4700012207031,287.6933288574219,14620100,265.1105010986328,248.68200073242187,,7.824281964983259,290.4800109863281,230.3000030517578,12229180.0
2025-10-02,296.5199890136719,296.7200012207031,287.0299987792969,288.1099853515625,287.33428955078125,10198000,267.75550003051757,249.63760040283202,,8.332853044782366,296.7200012207031,237.89999389648438,12426985.0
2025-10-03,292.8599853515625,296.05999755859375,290.489990234375,292.19000244140625,291.4033203125,10572500,270.1944999694824,250.64940032958984,,8.611426217215401,296.7200012207031,241.6199951171875,12252780.0
2025-10-06,300.010009765625,307.29998779296875,299.94000244140625,302.3999938964844,301.5858154296875,15785000,272.95499954223635,251.78540008544923,,9.274281093052455,307.29998779296875,246.92999267578125,12392700.0
2025-10-07,306.6199951171875,307.1000061035156,293.2799987792969,294.0299987792969,293.2383728027344,13081000,275.1104995727539,252.81100006103514,,9.898568289620536,307.29998779296875,257.75,12374580.0
2025-10-08,295.0,306.3999938964844,293.9800109863281,304.5199890136719,303.7001037597656,12821200,277.3144989013672,254.0747998046875,,9.888567243303571,307.29998779296875,257.9800109863281,12074520.0
2025-10-09,302.30999755859375,302.8299865722656,297.4200134277344,299.8800048828125,299.0726318359375,10259900,279.36299896240234,255.21419982910157,,9.979278564453125,307.29998779296875,257.9800109863281,12087265.0
2025-10-10,299.9599914550781,300.20001220703125,280.3299865722656,280.6600036621094,279.90435791015625,23398000,280.4294998168945,255.995,,10.577852521623884,307.29998779296875,257.9800109863281,12832335.0
2025-10-13,298.239990234375,304.6300048828125,292.32000732421875,302.8900146484375,302.07452392578125,20318300,282.50500030517577,257.3486001586914,,11.334995814732142,307.29998779296875,257.9800109863281,13440865.0
2025-10-14,295.6300048828125,301.75,291.3399963378906,295.94000244140625,295.1432189941406,16567900,284.1990005493164,258.48740020751956,,11.732140677315849,307.29998779296875,257.9800109863281,13750165.0
2025-10-15,306.2900085449219,306.6099853515625,300.07000732421875,304.7099914550781,303.8896179199219,20788000,286.29499969482424,259.93220001220703,,11.742854527064733,307.29998779296875,257.9800109863281,14268465.0
2025-10-16,310.92999267578125,311.3699951171875,296.69000244140625,299.8399963378906,299.03271484375,26341500,287.85499877929686,261.3016000366211,,12.359996250697545,311.3699951171875,262.80999755859375,14739675.0
2025-10-17,298.3999938964844,303.29998779296875,294.9200134277344,295.0799865722656,294.2855224609375,17633300,289.3654983520508,262.35079986572265,,12.484281267438616,311.3699951171875,265.45001220703125,14739330.0
2025-10-20,300.0,303.6499938964844,297.05999755859375,297.70001220703125,296.89849853515625,13391600,290.6189987182617,263.4682000732422,,12.649283272879464,311.3699951171875,270.19000244140625,14627395.0
2025-10-21,299.0,299.3699951171875,293.6600036621094,294.510009765625,293.71710205078125,11190500,291.20899963378906,264.5166003417969,,12.10642569405692,311.3699951171875,270.19000244140625,14295405.0
2025-10-22,293.0,295.20001220703125,284.3999938964844,288.8800048828125,288.10223388671875,15409100,291.6175003051758,265.4084005737305,,12.185712541852679,311.3699951171875,270.19000244140625,14554310.0
2025-10-23,289.79998779296875,294.0899963378906,289.6300048828125,290.7300109863281,289.947265625,10379900,292.32100067138674,266.3942007446289,,11.989996773856026,311.3699951171875,270.6199951171875,14480135.0
2025-10-24,295.57000732421875,297.95001220703125,294.3900146484375,294.9599914550781,294.1658630371094,8747000,293.4010009765625,267.4734005737305,,11.426426478794642,311.3699951171875,273.2300109863281,14394890.0
2025-10-27,298.6499938964844,300.4800109863281,293.69000244140625,298.25,297.447021484375,13615000,294.6520004272461,268.6608004760742,,10.924283708844866,311.3699951171875,273.8299865722656,14673330.0
2025-10-28,298.32000732421875,302.1300048828125,296.0799865722656,301.5299987792969,300.7181701660156,11804200,295.76399993896484,269.86320037841796,,10.469286237444196,311.3699951171875,277.1700134277344,14846100.0
2025-10-29,305.79998779296875,307.9599914550781,302.3800048828125,305.0899963378906,304.2685852050781,16177300,296.5949996948242,271.3110003662109,,10.421430315290179,311.3699951171875,280.3299865722656,14923960.0
2025-10-30,303.0799865722656,307.30999755859375,300.82000732421875,303.2200012207031,302.40362548828125,14507100,297.3505004882812,272.8034002685547,,9.465713500976562,311.3699951171875,280.3299865722656,15139415.0
2025-10-31,305.989990234375,307.67999267578125,296.67999267578125,300.42999267578125,299.6211242675781,12667900,297.7625,274.26540008544924,,8.539284842354911,311.3699951171875,280.3299865722656,15244185.0
2025-11-03,302.5899963378906,310.1199951171875,302.1199951171875,304.8599853515625,304.0391845703125,12466600,297.88549957275393,275.7027996826172,,8.406426565987724,311.3699951171875,280.3299865722656,15078265.0
2025-11-04,296.8800048828125,301.989990234375,293.510009765625,294.04998779296875,293.25830078125,16224300,297.8864990234375,276.87199951171874,,8.45499747140067,311.3699951171875,280.3299865722656,15235430.0
2025-11-05,292.6199951171875,298.2200012207031,291.5,293.6400146484375,292.84942626953125,10502500,297.3425003051758,277.97039978027345,,7.886426653180804,311.3699951171875,280.3299865722656,15119495.0
2025-11-06,294.1000061035156,294.6400146484375,287.3800048828125,289.239990234375,288.46124267578125,11516900,296.8104995727539,278.96939971923825,,7.806429181780134,311.3699951171875,280.3299865722656,15182345.0
2025-11-07,285.2099914550781,287.8900146484375,277.1300048828125,286.5,285.7286376953125,15715700,297.1024993896484,279.9339996337891,,8.05928475516183,311.3699951171875,277.1300048828125,14798230.0
2025-11-10,294.3599853515625,297.1300048828125,291.75,295.2699890136719,294.4750061035156,10869200,296.7214981079102,281.22199951171876,,8.410714285714286,311.3699951171875,277.1300048828125,14325775.0
2025-11-11,292.05999755859375,294.9200134277344,288.9100036621094,291.1700134277344,290.3860778808594,9666300,296.4829986572266,282.4775997924805,,8.093569074358259,311.3699951171875,277.1300048828125,13980695.0
2025-11-12,293.70001220703125,294.8699951171875,289.5799865722656,290.6199951171875,289.8375549316406,9715900,295.778498840332,283.6621997070313,,8.09928458077567,311.3699951171875,277.1300048828125,13427090.0
2025-11-13,289.1700134277344,289.5,280.0,282.20001220703125,281.44024658203125,13827600,294.89649963378906,284.60199981689453,,8.342141287667411,310.1199951171875,277.1300048828125,12801395.0
2025-11-14,275.9100036621094,286.8599853515625,273.2300109863281,284.82000732421875,284.05316162109375,11486800,294.38350067138674,285.4301998901367,,8.830710274832589,310.1199951171875,273.2300109863281,12494070.0
2025-11-17,281.44000244140625,286.5299987792969,279.79998779296875,282.010009765625,281.250732421875,10227100,293.59900054931643,286.1266000366211,,8.879281180245536,310.1199951171875,273.2300109863281,12335845.0
2025-11-18,277.54998779296875,280.19000244140625,272.7200012207031,277.9100036621094,277.1617736816406,11850400,292.7690002441406,286.66640014648436,,9.083568028041295,310.1199951171875,272.7200012207031,12368840.0
2025-11-19,276.9200134277344,284.54998779296875,276.32000732421875,282.3699951171875,281.6097717285156,11179200,292.44349975585936,287.105,,9.207853044782366,310.1199951171875,272.7200012207031,12157345.0
2025-11-20,292.2099914550781,292.8500061035156,276.4100036621094,277.5,276.75286865234375,15747300,291.781999206543,287.4767999267578,,9.596424647739955,310.1199951171875,272.7200012207031,12425715.0
2025-11-21,272.80999755859375,278.69000244140625,266.82000732421875,275.05999755859375,274.3194274902344,20872800,290.78699951171876,287.79140014648436,,9.752138410295759,310.1199951171875,266.82000732421875,13032005.0
2025-11-24,273.19000244140625,285.05999755859375,273.19000244140625,284.6400146484375,283.8736572265625,13570300,290.10650024414065,288.25660034179685,,9.789282662527901,310.1199951171875,266.82000732421875,13029770.0
2025-11-25,282.7300109863281,285.3999938964844,273.0799865722656,284.67999267578125,283.9135437011719,13726800,289.26399993896484,288.7090002441406,,10.189283098493304,310.1199951171875,266.82000732421875,13125900.0
2025-11-26,289.1000061035156,292.80999755859375,287.7300109863281,289.9599914550781,289.1793212890625,12220300,288.5074996948242,289.25239990234377,,10.251425606863839,310.1199951171875,266.82000732421875,12928050.0
2025-11-28,292.4800109863281,292.6700134277344,289.0,291.510009765625,290.72515869140625,5515400,287.9220001220703,289.7097998046875,,9.648570469447545,310.1199951171875,266.82000732421875,12478465.0
2025-12-01,286.9200134277344,291.1600036621094,283.19000244140625,287.67999267578125,286.90545654296875,7713000,287.2845001220703,290.1659997558594,,9.483570643833705,310.1199951171875,266.82000732421875,12230720.0
2025-12-02,292.0,294.5,289.17999267578125,292.0899963378906,291.3035888671875,10746400,286.64600067138673,290.5551995849609,,9.516429356166295,301.989990234375,266.82000732421875,12144710.0
2025-12-03,292.17999267578125,296.6199951171875,286.07000732421875,295.45001220703125,294.6545715332031,9599200,286.7160018920898,290.81,,9.892142159598214,298.2200012207031,266.82000732421875,11813455.0
2025-12-04,293.9800109863281,294.0299987792969,290.20001220703125,292.92999267578125,292.1413269042969,6753000,286.68050079345704,291.05440002441406,,9.508571079799108,297.1300048828125,266.82000732421875,11625980.0
2025-12-05,296.04998779296875,300.79998779296875,293.25,294.7200012207031,293.926513671875,10275300,286.9545013427734,291.41559997558596,,9.097143990652901,300.79998779296875,266.82000732421875,11563900.0
2025-12-08,301.20001220703125,302.6199951171875,296.7200012207031,301.8699951171875,301.0572509765625,16643100,287.72300109863284,291.9858001708984,,9.180714198521205,302.6199951171875,266.82000732421875,11610270.0
2025-12-09,299.989990234375,304.67999267578125,298.5,303.4100036621094,302.5931091308594,11349100,288.1300018310547,292.5894000244141,,8.958570207868304,304.67999267578125,266.82000732421875,11634265.0
2025-12-10,305.3699951171875,313.9800109863281,302.5,310.1400146484375,309.3050231933594,12429200,289.07850189208983,293.2064001464844,,9.19071524483817,313.9800109863281,266.82000732421875,11772410.0
2025-12-11,305.32000732421875,305.8399963378906,299.6400146484375,304.8500061035156,304.8500061035156,15028400,289.7900024414063,293.5340002441406,,8.766429356166295,313.9800109863281,266.82000732421875,12038035.0
2025-12-12,304.2799987792969,304.2799987792969,290.9800109863281,292.0400085449219,292.0400085449219,19306100,290.2820022583008,293.6126007080078,,8.909286499023438,313.9800109863281,266.82000732421875,12311960.0
2025-12-15,295.1499938964844,295.79998779296875,287.54998779296875,287.739990234375,287.739990234375,12082400,290.4280014038086,293.5236004638672,,8.65071541922433,313.9800109863281,266.82000732421875,12341740.0
2025-12-16,287.260009765625,288.4599914550781,283.32000732421875,286.8699951171875,286.8699951171875,11418400,290.6710006713867,293.21300048828124,,8.137856619698661,313.9800109863281,266.82000732421875,12401305.0
2025-12-17,288.5299987792969,289.1000061035156,275.0799865722656,276.9599914550781,276.9599914550781,16823000,290.62350006103514,292.87160034179686,,8.558571951729911,313.9800109863281,266.82000732421875,12649935.0
2025-12-18,285.0,287.1600036621094,281.75,284.67999267578125,284.67999267578125,11260300,290.73899993896487,292.47480041503906,,9.025000435965401,313.9800109863281,266.82000732421875,12653990.0
2025-12-19,286.3800048828125,292.1700134277344,286.3800048828125,288.95001220703125,288.95001220703125,12735800,291.3115005493164,292.2562005615234,,8.965715680803571,313.9800109863281,266.82000732421875,12503415.0
2025-12-22,294.6700134277344,295.010009765625,291.2099914550781,293.2799987792969,293.2799987792969,6091100,292.2225006103516,292.5086004638672,,8.911429268973214,313.9800109863281,273.0799865722656,11764330.0
2025-12-23,293.3999938964844,297.9100036621094,292.20001220703125,296.95001220703125,296.95001220703125,6802300,292.83800048828124,292.3898004150391,,8.56571524483817,313.9800109863281,273.0799865722656,11425930.0
2025-12-24,297.739990234375,299.1600036621094,296.2300109863281,298.79998779296875,298.79998779296875,2753900,293.54400024414065,292.44700012207034,,8.400000435965401,313.9800109863281,275.0799865722656,10877285.0
2025-12-26,299.8999938964844,303.3800048828125,298.5199890136719,302.8399963378906,302.8399963378906,5125900,294.18800048828126,292.40960021972654,,8.185001918247767,313.9800109863281,275.0799865722656,10522565.0
2025-12-29,301.7799987792969,304.5,298.6499938964844,300.9200134277344,300.9200134277344,6205100,294.6585006713867,292.43120056152344,,8.03857421875,313.9800109863281,275.0799865722656,10557050.0
2025-12-30,302.3599853515625,304.54998779296875,299.45001220703125,299.5799865722656,299.5799865722656,6190600,295.2535003662109,292.5212005615234,237.61654991149902,7.961430140904018,313.9800109863281,275.0799865722656,10480930.0
2025-12-31,304.0,307.3900146484375,303.42999267578125,303.8900146484375,303.8900146484375,8175100,295.84350128173827,292.6450006103516,238.2547999572754,7.699288504464286,313.9800109863281,275.0799865722656,10352365.0
2026-01-02,311.9800109863281,321.5899963378906,311.70001220703125,319.6099853515625,319.6099853515625,18526900,297.05149993896487,293.1470001220703,238.98719985961915,8.213572910853795,321.5899963378906,275.0799865722656,10798750.0
2026-01-05,330.3999938964844,331.25,321.5,322.25,322.25,17446300,298.51750030517576,293.81440002441406,239.72964988708497,8.054288591657366,331.25,275.0799865722656,11333415.0
2026-01-06,330.2200012207031,333.0799865722656,324.5899963378906,327.42999267578125,327.42999267578125,15599600,300.1529998779297,294.54839965820315,240.47944984436035,8.238573346819196,333.0799865722656,275.0799865722656,11599630.0
2026-01-07,324.6700134277344,326.29998779296875,318.5400085449219,318.67999267578125,318.67999267578125,11744800,300.9934997558594,295.0227996826172,241.18919982910157,8.506430489676339,333.0799865722656,275.0799865722656,11354715.0
2026-01-08,324.3900146484375,324.5,316.1400146484375,318.010009765625,318.010009765625,10850800,301.72350006103517,295.4179998779297,241.87344985961914,8.102142333984375,333.0799865722656,275.0799865722656,11329800.0
2026-01-09,319.8299865722656,324.7699890136719,318.25,323.6300048828125,323.6300048828125,12325100,302.3979995727539,295.86,242.58709991455078,7.856425694056919,333.0799865722656,275.0799865722656,11324595.0
2026-01-12,322.1000061035156,333.54998779296875,321.05999755859375,331.7699890136719,331.7699890136719,12714800,303.7439987182617,296.39359985351564,243.37844985961914,8.213566371372767,333.54998779296875,275.0799865722656,11208915.0
2026-01-13,332.8699951171875,336.4200134277344,330.7799987792969,331.2099914550781,331.2099914550781,11473600,305.7024978637695,296.9533996582031,244.19329978942872,8.183567592075892,336.4200134277344,275.0799865722656,10817290.0
2026-01-14,329.8599853515625,329.8599853515625,324.82000732421875,327.1099853515625,327.1099853515625,11210800,307.6709976196289,297.48699951171875,245.00259971618652,8.232138497488839,336.4200134277344,275.0799865722656,10773710.0
2026-01-15,342.80999755859375,351.3299865722656,337.9200134277344,341.6400146484375,341.6400146484375,42188500,310.4094985961914,298.22260009765625,245.88079978942872,9.752853393554688,351.3299865722656,275.0799865722656,12312215.0
2026-01-16,346.510009765625,349.8500061035156,341.4599914550781,342.3999938964844,342.3999938964844,18246100,313.6814987182617,299.1896002197266,246.74959976196288,10.004996163504464,351.3299865722656,281.75,12383370.0
2026-01-20,340.7900085449219,342.1499938964844,326.8999938964844,327.1600036621094,327.1600036621094,22809900,315.8054992675781,299.86,247.53344978332518,10.694281441824776,351.3299865722656,286.3800048828125,12960850.0
2026-01-21,333.42999267578125,333.6400146484375,325.67999267578125,326.1199951171875,326.1199951171875,16789800,317.66399841308595,300.59760009765625,248.37714973449707,10.898570469447545,351.3299865722656,291.2099914550781,13163550.0
2026-01-22,333.4200134277344,335.04998779296875,326.8999938964844,327.3699951171875,327.3699951171875,12801000,319.36849822998045,301.415,249.27999969482423,10.978567940848214,351.3299865722656,292.20001220703125,13499045.0
2026-01-23,332.07000732421875,337.1499938964844,331.3699951171875,334.8699951171875,334.8699951171875,12904400,321.2644973754883,302.2070001220703,250.22349967956544,10.412854875837054,351.3299865722656,296.2300109863281,13804150.0
2026-01-26,332.7900085449219,335.1000061035156,330.2300109863281,332.7099914550781,332.7099914550781,8646400,322.9599975585937,303.03779968261716,251.18019966125487,9.929282052176339,351.3299865722656,298.5199890136719,14098775.0
2026-01-27,336.5,341.25,334.55999755859375,338.3399963378906,338.3399963378906,11298100,324.73499755859376,303.99219970703126,252.07814964294434,9.765712193080358,351.3299865722656,298.6499938964844,14407385.0
2026-01-28,343.0299987792969,345.5,338.6600036621094,342.29998779296875,342.29998779296875,12140100,326.80399627685546,305.19419921875,253.03399955749512,9.642142159598214,351.3299865722656,299.45001220703125,14704135.0
2026-01-29,339.79998779296875,343.739990234375,328.20001220703125,339.54998779296875,339.54998779296875,13844800,328.8024963378906,306.288798828125,253.9463494873047,10.154998779296875,351.3299865722656,303.42999267578125,15086845.0
2026-01-30,335.4200134277344,339.8999938964844,329.1000061035156,330.55999755859375,330.55999755859375,12028100,330.13599548339846,307.2597985839844,254.81994949340822,10.443570818219866,351.3299865722656,311.70001220703125,15279495.0
2026-02-02,330.760009765625,344.20001220703125,329.1000061035156,341.3599853515625,341.3599853515625,12459100,331.22349548339844,308.52879821777344,255.74009941101073,10.630000523158483,351.3299865722656,316.1400146484375,14976105.0
2026-02-03,345.07000732421875,347.04998779296875,330.0199890136719,335.75,335.75,12540000,331.89849548339845,309.59639831542967,256.660499420166,11.443570818219866,351.3299865722656,316.1400146484375,14730790.0
2026-02-04,335.6000061035156,338.79998779296875,319.07000732421875,325.739990234375,325.739990234375,18176000,331.8139953613281,310.5611981201172,257.53049934387207,12.396427699497767,351.3299865722656,316.1400146484375,14859610.0
2026-02-05,322.82000732421875,334.57000732421875,319.6499938964844,330.7300109863281,330.7300109863281,14812000,332.41649627685547,311.6745983886719,258.44484939575193,11.732142857142858,351.3299865722656,316.1400146484375,15012970.0
2026-02-06,337.5,349.7200012207031,336.6499938964844,348.8500061035156,348.8500061035156,17025500,333.95849609375,312.95879821777345,259.4320994567871,12.489283970424108,351.3299865722656,318.25,15321705.0
2026-02-09,348.760009765625,359.6000061035156,347.79998779296875,355.4100036621094,355.4100036621094,14594900,335.54749603271483,314.3733984375,260.4200994873047,12.224999564034599,359.6000061035156,319.07000732421875,15435195.0
2026-02-10,364.3299865722656,364.760009765625,356.3900146484375,361.9100036621094,361.9100036621094,14622100,337.0544967651367,315.8123986816406,261.4087495422363,12.324284144810267,364.760009765625,319.07000732421875,15530560.0
2026-02-11,370.0799865722656,379.5799865722656,368.3900146484375,374.0899963378906,374.0899963378906,18651300,339.19849700927733,317.46399841308596,262.4536994934082,12.948569161551339,379.5799865722656,319.07000732421875,15889445.0
2026-02-12,379.0,380.0,322.1000061035156,368.1000061035156,368.1000061035156,16835400,341.247998046875,319.0723986816406,263.47719955444336,16.385711669921875,380.0,319.07000732421875,16170675.0
2026-02-13,369.1499938964844,371.1099853515625,360.7699890136719,366.3599853515625,366.3599853515625,10468200,342.48399658203124,320.55779846191405,264.4865995025635,16.77642604282924,380.0,319.07000732421875,14584660.0
2026-02-17,361.8699951171875,366.20001220703125,356.239990234375,364.20001220703125,364.20001220703125,10063800,343.5739974975586,321.93279846191405,265.4741495513916,16.8892822265625,380.0,319.07000732421875,14175545.0
2026-02-18,363.8599853515625,369.3900146484375,360.7099914550781,362.260009765625,362.260009765625,7310500,345.32899780273436,323.31939880371095,266.4218495941162,16.997855050223215,380.0,319.07000732421875,13400575.0
2026-02-19,359.7200012207031,362.79998779296875,357.44000244140625,360.3900146484375,360.3900146484375,6346500,347.04249877929686,324.63279907226564,267.3273996734619,16.27071271623884,380.0,319.07000732421875,12878410.0
2026-02-20,359.7799987792969,372.20001220703125,359.1000061035156,370.5400085449219,370.5400085449219,9009200,349.2009994506836,326.00619934082033,268.2980997467041,16.43499973842076,380.0,319.07000732421875,12688820.0
2026-02-23,367.010009765625,373.42999267578125,366.4599914550781,370.0400085449219,370.0400085449219,9550200,350.9595001220703,327.33879943847654,269.28689979553224,15.854285103934151,380.0,319.07000732421875,12521110.0
2026-02-24,379.3999938964844,389.17999267578125,376.04998779296875,385.75,385.75,13269500,353.6115005493164,328.8509991455078,270.34294982910154,16.004998343331472,389.17999267578125,319.07000732421875,12752265.0
2026-02-25,390.2099914550781,390.2099914550781,384.8299865722656,387.7300109863281,387.7300109863281,10948400,356.0810012817383,330.50859924316404,271.4054998779297,14.98000008719308,390.2099914550781,319.07000732421875,12734780.0
2026-02-26,386.17999267578125,386.4700012207031,369.70001220703125,376.80999755859375,376.80999755859375,14535700,357.8065017700195,332.2039990234375,272.4069498443603,15.202141898018974,390.2099914550781,319.07000732421875,12854560.0
2026-02-27,370.1400146484375,376.67999267578125,368.6199951171875,374.5799865722656,374.5799865722656,9186600,359.55800170898436,333.9407989501953,273.34494979858397,14.430714198521205,390.2099914550781,319.07000732421875,12621650.0
2026-03-02,365.3599853515625,373.1000061035156,364.6499938964844,369.1099853515625,369.1099853515625,12571600,361.4855010986328,335.5855987548828,274.220549697876,14.297140938895089,390.2099914550781,319.07000732421875,12648825.0
2026-03-03,349.54998779296875,355.9800109863281,344.1400146484375,353.1300048828125,353.1300048828125,18580200,362.0740020751953,337.1089990234375,275.01239974975584,15.412852696010045,390.2099914550781,319.07000732421875,12954880.0
2026-03-04,357.42999267578125,361.0899963378906,354.54998779296875,357.44000244140625,357.44000244140625,12131100,363.15850219726565,338.56419921875,275.82849975585935,14.719281877790179,390.2099914550781,319.07000732421875,12934435.0
2026-03-05,354.8999938964844,359.4700012207031,343.79998779296875,353.8599853515625,353.8599853515625,16249800,364.564501953125,339.8623986816406,276.6266996765137,11.702854701450892,390.2099914550781,319.6499938964844,12838125.0
2026-03-06,343.5,348.7200012207031,336.69000244140625,338.8900146484375,338.8900146484375,13803000,364.97250213623045,340.77459899902345,277.35364974975585,12.190710885184151,390.2099914550781,322.1000061035156,12787675.0
2026-03-09,335.6000061035156,349.3999938964844,331.9200134277344,348.70001220703125,348.70001220703125,19182800,364.9650024414062,341.8095989990234,278.1298998260498,12.716424124581474,390.2099914550781,322.1000061035156,12895540.0
2026-03-10,348.4700012207031,353.5,344.30999755859375,347.0899963378906,347.0899963378906,12985600,364.5490020751953,342.77539916992185,278.90654983520506,12.752851213727679,390.2099914550781,322.1000061035156,12815075.0
2026-03-11,353.92999267578125,357.3500061035156,350.3599853515625,354.55999755859375,354.55999755859375,10683300,364.1815017700195,343.80979919433594,279.698399810791,13.102852957589286,390.2099914550781,322.1000061035156,12618135.0
2026-03-12,345.92999267578125,346.8900146484375,336.3800048828125,336.7099914550781,336.7099914550781,17549400,362.31250152587893,344.5255987548828,280.4220497894287,13.465709141322545,390.2099914550781,322.1000061035156,12563040.0
2026-03-13,343.9200134277344,344.5199890136719,336.2200012207031,338.30999755859375,338.30999755859375,17282500,360.8230010986328,345.3001989746094,281.12519981384276,13.560708182198661,390.2099914550781,331.9200134277344,12585395.0
2026-03-16,341.25,344.5,339.82000732421875,340.2300109863281,340.2300109863281,9862508,359.5165023803711,346.02699890136716,281.8456498718262,12.635709490094866,390.2099914550781,331.9200134277344,12555110.4
